
  .   ____          _            __ _ _
 /\\ / ___'_ __ _ _(_)_ __  __ _ \ \ \ \
( ( )\___ | '_ | '_| | '_ \/ _` | \ \ \ \
 \\/  ___)| |_)| | | | | || (_| |  ) ) ) )
  '  |____| .__|_| |_|_| |_\__, | / / / /
 =========|_|==============|___/=/_/_/_/

 :: Spring Boot ::                (v3.5.3)

2026-07-08T15:58:26.893+09:00  INFO 18484 --- [kiosk-sim] [           main] c.example.kiosksim.KioskSimApplication   : Starting KioskSimApplication v0.0.1-SNAPSHOT using Java 21.0.8 with PID 18484 (C:\Users\seoil\Downloads\icecream-kiosk-sim\backend\target\kiosk-sim-0.0.1-SNAPSHOT.jar started by seoil in C:\Users\seoil\Downloads\icecream-kiosk-sim\backend)
2026-07-08T15:58:26.894+09:00  INFO 18484 --- [kiosk-sim] [           main] c.example.kiosksim.KioskSimApplication   : No active profile set, falling back to 1 default profile: "default"
2026-07-08T15:58:26.895+09:00 DEBUG 18484 --- [kiosk-sim] [           main] o.s.boot.SpringApplication               : Loading source class com.example.kiosksim.KioskSimApplication
2026-07-08T15:58:26.925+09:00 DEBUG 18484 --- [kiosk-sim] [           main] ConfigServletWebServerApplicationContext : Refreshing org.springframework.boot.web.servlet.context.AnnotationConfigServletWebServerApplicationContext@7d9e8ef7
2026-07-08T15:58:27.405+09:00  INFO 18484 --- [kiosk-sim] [           main] .s.d.r.c.RepositoryConfigurationDelegate : Bootstrapping Spring Data JPA repositories in DEFAULT mode.
2026-07-08T15:58:27.425+09:00 DEBUG 18484 --- [kiosk-sim] [           main] o.s.b.a.AutoConfigurationPackages        : @EnableAutoConfiguration was declared on a class in the package 'com.example.kiosksim'. Automatic @Repository and @Entity scanning is enabled.
2026-07-08T15:58:27.449+09:00  INFO 18484 --- [kiosk-sim] [           main] .s.d.r.c.RepositoryConfigurationDelegate : Finished Spring Data repository scanning in 30 ms. Found 4 JPA repository interfaces.
2026-07-08T15:58:27.833+09:00 DEBUG 18484 --- [kiosk-sim] [           main] .s.b.w.e.t.TomcatServletWebServerFactory : Code archive: C:\Users\seoil\Downloads\icecream-kiosk-sim\backend\target\kiosk-sim-0.0.1-SNAPSHOT.jar
2026-07-08T15:58:27.834+09:00 DEBUG 18484 --- [kiosk-sim] [           main] .s.b.w.e.t.TomcatServletWebServerFactory : Code archive: C:\Users\seoil\Downloads\icecream-kiosk-sim\backend\target\kiosk-sim-0.0.1-SNAPSHOT.jar
2026-07-08T15:58:27.834+09:00 DEBUG 18484 --- [kiosk-sim] [           main] .s.b.w.e.t.TomcatServletWebServerFactory : None of the document roots [src/main/webapp, public, static] point to a directory and will be ignored.
2026-07-08T15:58:27.854+09:00  INFO 18484 --- [kiosk-sim] [           main] o.s.b.w.embedded.tomcat.TomcatWebServer  : Tomcat initialized with port 18080 (http)
2026-07-08T15:58:27.864+09:00  INFO 18484 --- [kiosk-sim] [           main] o.apache.catalina.core.StandardService   : Starting service [Tomcat]
2026-07-08T15:58:27.865+09:00  INFO 18484 --- [kiosk-sim] [           main] o.apache.catalina.core.StandardEngine    : Starting Servlet engine: [Apache Tomcat/10.1.42]
2026-07-08T15:58:27.890+09:00  INFO 18484 --- [kiosk-sim] [           main] o.a.c.c.C.[Tomcat].[localhost].[/]       : Initializing Spring embedded WebApplicationContext
2026-07-08T15:58:27.890+09:00 DEBUG 18484 --- [kiosk-sim] [           main] w.s.c.ServletWebServerApplicationContext : Published root WebApplicationContext as ServletContext attribute with name [org.springframework.web.context.WebApplicationContext.ROOT]
2026-07-08T15:58:27.892+09:00  INFO 18484 --- [kiosk-sim] [           main] w.s.c.ServletWebServerApplicationContext : Root WebApplicationContext: initialization completed in 965 ms
2026-07-08T15:58:27.920+09:00 DEBUG 18484 --- [kiosk-sim] [           main] o.s.b.w.s.ServletContextInitializerBeans : Mapping filters: characterEncodingFilter urls=[/*] order=-2147483648, formContentFilter urls=[/*] order=-9900, requestContextFilter urls=[/*] order=-105, corsFilter urls=[/*] order=2147483647
2026-07-08T15:58:27.921+09:00 DEBUG 18484 --- [kiosk-sim] [           main] o.s.b.w.s.ServletContextInitializerBeans : Mapping servlets: dispatcherServlet urls=[/], h2Console urls=[/h2-console/*]
2026-07-08T15:58:27.936+09:00 DEBUG 18484 --- [kiosk-sim] [           main] o.s.b.w.s.f.OrderedRequestContextFilter  : Filter 'requestContextFilter' configured for use
2026-07-08T15:58:27.938+09:00 DEBUG 18484 --- [kiosk-sim] [           main] o.springframework.web.filter.CorsFilter  : Filter 'corsFilter' configured for use
2026-07-08T15:58:27.938+09:00 DEBUG 18484 --- [kiosk-sim] [           main] s.b.w.s.f.OrderedCharacterEncodingFilter : Filter 'characterEncodingFilter' configured for use
2026-07-08T15:58:27.938+09:00 DEBUG 18484 --- [kiosk-sim] [           main] o.s.b.w.s.f.OrderedFormContentFilter     : Filter 'formContentFilter' configured for use
2026-07-08T15:58:28.038+09:00  INFO 18484 --- [kiosk-sim] [           main] o.hibernate.jpa.internal.util.LogHelper  : HHH000204: Processing PersistenceUnitInfo [name: default]
2026-07-08T15:58:28.075+09:00  INFO 18484 --- [kiosk-sim] [           main] org.hibernate.Version                    : HHH000412: Hibernate ORM core version 6.6.18.Final
2026-07-08T15:58:28.096+09:00  INFO 18484 --- [kiosk-sim] [           main] o.h.c.internal.RegionFactoryInitiator    : HHH000026: Second-level cache disabled
2026-07-08T15:58:28.352+09:00  INFO 18484 --- [kiosk-sim] [           main] o.s.o.j.p.SpringPersistenceUnitInfo      : No LoadTimeWeaver setup: ignoring JPA class transformer
2026-07-08T15:58:28.380+09:00  INFO 18484 --- [kiosk-sim] [           main] com.zaxxer.hikari.HikariDataSource       : HikariPool-1 - Starting...
2026-07-08T15:58:28.505+09:00  INFO 18484 --- [kiosk-sim] [           main] com.zaxxer.hikari.pool.HikariPool        : HikariPool-1 - Added connection conn0: url=jdbc:h2:mem:kioskdb user=SA
2026-07-08T15:58:28.508+09:00  INFO 18484 --- [kiosk-sim] [           main] com.zaxxer.hikari.HikariDataSource       : HikariPool-1 - Start completed.
2026-07-08T15:58:28.543+09:00  INFO 18484 --- [kiosk-sim] [           main] org.hibernate.orm.connections.pooling    : HHH10001005: Database info:
	Database JDBC URL [Connecting through datasource 'HikariDataSource (HikariPool-1)']
	Database driver: undefined/unknown
	Database version: 2.3.232
	Autocommit mode: undefined/unknown
	Isolation level: undefined/unknown
	Minimum pool size: undefined/unknown
	Maximum pool size: undefined/unknown
2026-07-08T15:58:28.992+09:00  INFO 18484 --- [kiosk-sim] [           main] o.h.e.t.j.p.i.JtaPlatformInitiator       : HHH000489: No JTA platform available (set 'hibernate.transaction.jta.platform' to enable JTA platform integration)
2026-07-08T15:58:29.004+09:00 DEBUG 18484 --- [kiosk-sim] [           main] org.hibernate.SQL                        : 
    drop table if exists order_item_flavors cascade 
Hibernate: 
    drop table if exists order_item_flavors cascade 
2026-07-08T15:58:29.006+09:00 DEBUG 18484 --- [kiosk-sim] [           main] org.hibernate.SQL                        : 
    drop table if exists order_items cascade 
Hibernate: 
    drop table if exists order_items cascade 
2026-07-08T15:58:29.006+09:00 DEBUG 18484 --- [kiosk-sim] [           main] org.hibernate.SQL                        : 
    drop table if exists orders cascade 
Hibernate: 
    drop table if exists orders cascade 
2026-07-08T15:58:29.007+09:00 DEBUG 18484 --- [kiosk-sim] [           main] org.hibernate.SQL                        : 
    drop table if exists payments cascade 
Hibernate: 
    drop table if exists payments cascade 
2026-07-08T15:58:29.009+09:00 DEBUG 18484 --- [kiosk-sim] [           main] org.hibernate.SQL                        : 
    create table order_item_flavors (
        quantity integer,
        select_order integer,
        flavor_id bigint,
        id bigint generated by default as identity,
        order_item_id bigint,
        flavor_name_snapshot varchar(255),
        primary key (id)
    )
Hibernate: 
    create table order_item_flavors (
        quantity integer,
        select_order integer,
        flavor_id bigint,
        id bigint generated by default as identity,
        order_item_id bigint,
        flavor_name_snapshot varchar(255),
        primary key (id)
    )
2026-07-08T15:58:29.015+09:00 DEBUG 18484 --- [kiosk-sim] [           main] org.hibernate.SQL                        : 
    create table order_items (
        dry_ice_minutes integer,
        line_total integer,
        quantity integer,
        spoon_count integer,
        unit_price integer,
        id bigint generated by default as identity,
        order_id bigint,
        product_id bigint,
        container_type varchar(255),
        product_name_snapshot varchar(255),
        primary key (id)
    )
Hibernate: 
    create table order_items (
        dry_ice_minutes integer,
        line_total integer,
        quantity integer,
        spoon_count integer,
        unit_price integer,
        id bigint generated by default as identity,
        order_id bigint,
        product_id bigint,
        container_type varchar(255),
        product_name_snapshot varchar(255),
        primary key (id)
    )
2026-07-08T15:58:29.017+09:00 DEBUG 18484 --- [kiosk-sim] [           main] org.hibernate.SQL                        : 
    create table orders (
        discount_amount integer,
        final_amount integer,
        original_amount integer,
        used_point integer,
        waiting_no integer,
        branch_id bigint,
        id bigint generated by default as identity,
        kiosk_id bigint,
        ordered_at timestamp(6),
        order_no varchar(255),
        order_type varchar(255),
        status varchar(255),
        primary key (id)
    )
Hibernate: 
    create table orders (
        discount_amount integer,
        final_amount integer,
        original_amount integer,
        used_point integer,
        waiting_no integer,
        branch_id bigint,
        id bigint generated by default as identity,
        kiosk_id bigint,
        ordered_at timestamp(6),
        order_no varchar(255),
        order_type varchar(255),
        status varchar(255),
        primary key (id)
    )
2026-07-08T15:58:29.018+09:00 DEBUG 18484 --- [kiosk-sim] [           main] org.hibernate.SQL                        : 
    create table payments (
        paid_amount integer,
        id bigint generated by default as identity,
        order_id bigint,
        paid_at timestamp(6),
        qr_expires_at timestamp(6),
        payment_method varchar(255),
        qr_token varchar(255),
        status varchar(255),
        primary key (id)
    )
Hibernate: 
    create table payments (
        paid_amount integer,
        id bigint generated by default as identity,
        order_id bigint,
        paid_at timestamp(6),
        qr_expires_at timestamp(6),
        payment_method varchar(255),
        qr_token varchar(255),
        status varchar(255),
        primary key (id)
    )
2026-07-08T15:58:29.022+09:00  INFO 18484 --- [kiosk-sim] [           main] j.LocalContainerEntityManagerFactoryBean : Initialized JPA EntityManagerFactory for persistence unit 'default'
2026-07-08T15:58:29.468+09:00  WARN 18484 --- [kiosk-sim] [           main] JpaBaseConfiguration$JpaWebConfiguration : spring.jpa.open-in-view is enabled by default. Therefore, database queries may be performed during view rendering. Explicitly configure spring.jpa.open-in-view to disable this warning
2026-07-08T15:58:29.536+09:00 DEBUG 18484 --- [kiosk-sim] [           main] s.w.s.m.m.a.RequestMappingHandlerMapping : 7 mappings in 'requestMappingHandlerMapping'
2026-07-08T15:58:29.602+09:00 DEBUG 18484 --- [kiosk-sim] [           main] o.s.w.s.handler.SimpleUrlHandlerMapping  : Patterns [/webjars/**, /**] in 'resourceHandlerMapping'
2026-07-08T15:58:29.647+09:00 DEBUG 18484 --- [kiosk-sim] [           main] s.w.s.m.m.a.RequestMappingHandlerAdapter : ControllerAdvice beans: 0 @ModelAttribute, 0 @InitBinder, 1 RequestBodyAdvice, 1 ResponseBodyAdvice
2026-07-08T15:58:29.708+09:00 DEBUG 18484 --- [kiosk-sim] [           main] .m.m.a.ExceptionHandlerExceptionResolver : ControllerAdvice beans: 1 @ExceptionHandler, 1 ResponseBodyAdvice
2026-07-08T15:58:29.732+09:00  INFO 18484 --- [kiosk-sim] [           main] o.s.b.a.h2.H2ConsoleAutoConfiguration    : H2 console available at '/h2-console'. Database available at 'jdbc:h2:mem:kioskdb'
2026-07-08T15:58:29.810+09:00  INFO 18484 --- [kiosk-sim] [           main] o.s.b.w.embedded.tomcat.TomcatWebServer  : Tomcat started on port 18080 (http) with context path '/'
2026-07-08T15:58:29.821+09:00 DEBUG 18484 --- [kiosk-sim] [           main] .s.b.a.l.ConditionEvaluationReportLogger : 


============================
CONDITIONS EVALUATION REPORT
============================


Positive matches:
-----------------

   AopAutoConfiguration matched:
      - @ConditionalOnBooleanProperty (spring.aop.auto=true) matched (OnPropertyCondition)

   AopAutoConfiguration.AspectJAutoProxyingConfiguration matched:
      - @ConditionalOnClass found required class 'org.aspectj.weaver.Advice' (OnClassCondition)

   AopAutoConfiguration.AspectJAutoProxyingConfiguration.CglibAutoProxyConfiguration matched:
      - @ConditionalOnBooleanProperty (spring.aop.proxy-target-class=true) matched (OnPropertyCondition)

   ApplicationAvailabilityAutoConfiguration#applicationAvailability matched:
      - @ConditionalOnMissingBean (types: org.springframework.boot.availability.ApplicationAvailability; SearchStrategy: all) did not find any beans (OnBeanCondition)

   DataSourceAutoConfiguration matched:
      - @ConditionalOnClass found required classes 'javax.sql.DataSource', 'org.springframework.jdbc.datasource.embedded.EmbeddedDatabaseType' (OnClassCondition)
      - @ConditionalOnMissingBean (types: ?; SearchStrategy: all) did not find any beans (OnBeanCondition)

   DataSourceAutoConfiguration.PooledDataSourceConfiguration matched:
      - AnyNestedCondition 1 matched 1 did not; NestedCondition on DataSourceAutoConfiguration.PooledDataSourceCondition.PooledDataSourceAvailable PooledDataSource found supported DataSource; NestedCondition on DataSourceAutoConfiguration.PooledDataSourceCondition.ExplicitType @ConditionalOnProperty (spring.datasource.type) did not find property 'spring.datasource.type' (DataSourceAutoConfiguration.PooledDataSourceCondition)
      - @ConditionalOnMissingBean (types: javax.sql.DataSource,javax.sql.XADataSource; SearchStrategy: all) did not find any beans (OnBeanCondition)

   DataSourceAutoConfiguration.PooledDataSourceConfiguration#jdbcConnectionDetails matched:
      - @ConditionalOnMissingBean (types: org.springframework.boot.autoconfigure.jdbc.JdbcConnectionDetails; SearchStrategy: all) did not find any beans (OnBeanCondition)

   DataSourceConfiguration.Hikari matched:
      - @ConditionalOnClass found required class 'com.zaxxer.hikari.HikariDataSource' (OnClassCondition)
      - @ConditionalOnProperty (spring.datasource.type=com.zaxxer.hikari.HikariDataSource) matched (OnPropertyCondition)
      - @ConditionalOnMissingBean (types: javax.sql.DataSource; SearchStrategy: all) did not find any beans (OnBeanCondition)

   DataSourceInitializationConfiguration matched:
      - @ConditionalOnClass found required class 'org.springframework.jdbc.datasource.init.DatabasePopulator' (OnClassCondition)
      - @ConditionalOnSingleCandidate (types: javax.sql.DataSource; SearchStrategy: all) found a single bean 'dataSource'; @ConditionalOnMissingBean (types: org.springframework.boot.autoconfigure.sql.init.SqlDataSourceScriptDatabaseInitializer,org.springframework.boot.autoconfigure.sql.init.SqlR2dbcScriptDatabaseInitializer; SearchStrategy: all) did not find any beans (OnBeanCondition)

   DataSourcePoolMetadataProvidersConfiguration.HikariPoolDataSourceMetadataProviderConfiguration matched:
      - @ConditionalOnClass found required class 'com.zaxxer.hikari.HikariDataSource' (OnClassCondition)

   DataSourceTransactionManagerAutoConfiguration matched:
      - @ConditionalOnClass found required classes 'javax.sql.DataSource', 'org.springframework.jdbc.core.JdbcTemplate', 'org.springframework.transaction.TransactionManager' (OnClassCondition)

   DataSourceTransactionManagerAutoConfiguration.JdbcTransactionManagerConfiguration matched:
      - @ConditionalOnSingleCandidate (types: javax.sql.DataSource; SearchStrategy: all) found a single bean 'dataSource' (OnBeanCondition)

   DispatcherServletAutoConfiguration matched:
      - @ConditionalOnClass found required class 'org.springframework.web.servlet.DispatcherServlet' (OnClassCondition)
      - found 'session' scope (OnWebApplicationCondition)

   DispatcherServletAutoConfiguration.DispatcherServletConfiguration matched:
      - @ConditionalOnClass found required class 'jakarta.servlet.ServletRegistration' (OnClassCondition)
      - Default DispatcherServlet did not find dispatcher servlet beans (DispatcherServletAutoConfiguration.DefaultDispatcherServletCondition)

   DispatcherServletAutoConfiguration.DispatcherServletRegistrationConfiguration matched:
      - @ConditionalOnClass found required class 'jakarta.servlet.ServletRegistration' (OnClassCondition)
      - DispatcherServlet Registration did not find servlet registration bean (DispatcherServletAutoConfiguration.DispatcherServletRegistrationCondition)

   DispatcherServletAutoConfiguration.DispatcherServletRegistrationConfiguration#dispatcherServletRegistration matched:
      - @ConditionalOnBean (names: dispatcherServlet types: org.springframework.web.servlet.DispatcherServlet; SearchStrategy: all) found bean 'dispatcherServlet' (OnBeanCondition)

   EmbeddedWebServerFactoryCustomizerAutoConfiguration matched:
      - @ConditionalOnWebApplication (required) found 'session' scope (OnWebApplicationCondition)
      - @ConditionalOnWarDeployment the application is not deployed as a WAR file. (OnWarDeploymentCondition)

   EmbeddedWebServerFactoryCustomizerAutoConfiguration.TomcatWebServerFactoryCustomizerConfiguration matched:
      - @ConditionalOnClass found required classes 'org.apache.catalina.startup.Tomcat', 'org.apache.coyote.UpgradeProtocol' (OnClassCondition)

   ErrorMvcAutoConfiguration matched:
      - @ConditionalOnClass found required classes 'jakarta.servlet.Servlet', 'org.springframework.web.servlet.DispatcherServlet' (OnClassCondition)
      - found 'session' scope (OnWebApplicationCondition)

   ErrorMvcAutoConfiguration#basicErrorController matched:
      - @ConditionalOnMissingBean (types: org.springframework.boot.web.servlet.error.ErrorController; SearchStrategy: current) did not find any beans (OnBeanCondition)

   ErrorMvcAutoConfiguration#errorAttributes matched:
      - @ConditionalOnMissingBean (types: org.springframework.boot.web.servlet.error.ErrorAttributes; SearchStrategy: current) did not find any beans (OnBeanCondition)

   ErrorMvcAutoConfiguration.DefaultErrorViewResolverConfiguration#conventionErrorViewResolver matched:
      - @ConditionalOnBean (types: org.springframework.web.servlet.DispatcherServlet; SearchStrategy: all) found bean 'dispatcherServlet'; @ConditionalOnMissingBean (types: org.springframework.boot.autoconfigure.web.servlet.error.ErrorViewResolver; SearchStrategy: all) did not find any beans (OnBeanCondition)

   ErrorMvcAutoConfiguration.WhitelabelErrorViewConfiguration matched:
      - @ConditionalOnBooleanProperty (server.error.whitelabel.enabled=true) matched (OnPropertyCondition)
      - ErrorTemplate Missing did not find error template view (ErrorMvcAutoConfiguration.ErrorTemplateMissingCondition)

   ErrorMvcAutoConfiguration.WhitelabelErrorViewConfiguration#beanNameViewResolver matched:
      - @ConditionalOnMissingBean (types: org.springframework.web.servlet.view.BeanNameViewResolver; SearchStrategy: all) did not find any beans (OnBeanCondition)

   ErrorMvcAutoConfiguration.WhitelabelErrorViewConfiguration#defaultErrorView matched:
      - @ConditionalOnMissingBean (names: error; SearchStrategy: all) did not find any beans (OnBeanCondition)

   GenericCacheConfiguration matched:
      - Cache org.springframework.boot.autoconfigure.cache.GenericCacheConfiguration automatic cache type (CacheCondition)

   H2ConsoleAutoConfiguration matched:
      - @ConditionalOnClass found required class 'org.h2.server.web.JakartaWebServlet' (OnClassCondition)
      - found 'session' scope (OnWebApplicationCondition)
      - @ConditionalOnBooleanProperty (spring.h2.console.enabled=true) matched (OnPropertyCondition)

   HibernateJpaAutoConfiguration matched:
      - @ConditionalOnClass found required classes 'org.springframework.orm.jpa.LocalContainerEntityManagerFactoryBean', 'jakarta.persistence.EntityManager', 'org.hibernate.engine.spi.SessionImplementor' (OnClassCondition)

   HibernateJpaConfiguration matched:
      - @ConditionalOnSingleCandidate (types: javax.sql.DataSource; SearchStrategy: all) found a single bean 'dataSource' (OnBeanCondition)

   HttpClientAutoConfiguration matched:
      - @ConditionalOnClass found required class 'org.springframework.http.client.ClientHttpRequestFactory' (OnClassCondition)
      - NoneNestedConditions 0 matched 1 did not; NestedCondition on NotReactiveWebApplicationCondition.ReactiveWebApplication did not find reactive web application classes (NotReactiveWebApplicationCondition)

   HttpClientAutoConfiguration#clientHttpRequestFactoryBuilder matched:
      - @ConditionalOnMissingBean (types: org.springframework.boot.http.client.ClientHttpRequestFactoryBuilder<?>; SearchStrategy: all) did not find any beans (OnBeanCondition)

   HttpClientAutoConfiguration#clientHttpRequestFactorySettings matched:
      - @ConditionalOnMissingBean (types: org.springframework.boot.http.client.ClientHttpRequestFactorySettings; SearchStrategy: all) did not find any beans (OnBeanCondition)

   HttpEncodingAutoConfiguration matched:
      - @ConditionalOnClass found required class 'org.springframework.web.filter.CharacterEncodingFilter' (OnClassCondition)
      - found 'session' scope (OnWebApplicationCondition)
      - @ConditionalOnBooleanProperty (server.servlet.encoding.enabled=true) matched (OnPropertyCondition)

   HttpEncodingAutoConfiguration#characterEncodingFilter matched:
      - @ConditionalOnMissingBean (types: org.springframework.web.filter.CharacterEncodingFilter; SearchStrategy: all) did not find any beans (OnBeanCondition)

   HttpMessageConvertersAutoConfiguration matched:
      - @ConditionalOnClass found required class 'org.springframework.http.converter.HttpMessageConverter' (OnClassCondition)
      - NoneNestedConditions 0 matched 1 did not; NestedCondition on HttpMessageConvertersAutoConfiguration.NotReactiveWebApplicationCondition.ReactiveWebApplication did not find reactive web application classes (HttpMessageConvertersAutoConfiguration.NotReactiveWebApplicationCondition)

   HttpMessageConvertersAutoConfiguration#messageConverters matched:
      - @ConditionalOnMissingBean (types: org.springframework.boot.autoconfigure.http.HttpMessageConverters; SearchStrategy: all) did not find any beans (OnBeanCondition)

   HttpMessageConvertersAutoConfiguration.StringHttpMessageConverterConfiguration matched:
      - @ConditionalOnClass found required class 'org.springframework.http.converter.StringHttpMessageConverter' (OnClassCondition)

   HttpMessageConvertersAutoConfiguration.StringHttpMessageConverterConfiguration#stringHttpMessageConverter matched:
      - @ConditionalOnMissingBean (types: org.springframework.http.converter.StringHttpMessageConverter; SearchStrategy: all) did not find any beans (OnBeanCondition)

   JacksonAutoConfiguration matched:
      - @ConditionalOnClass found required class 'com.fasterxml.jackson.databind.ObjectMapper' (OnClassCondition)

   JacksonAutoConfiguration.Jackson2ObjectMapperBuilderCustomizerConfiguration matched:
      - @ConditionalOnClass found required class 'org.springframework.http.converter.json.Jackson2ObjectMapperBuilder' (OnClassCondition)

   JacksonAutoConfiguration.JacksonObjectMapperBuilderConfiguration matched:
      - @ConditionalOnClass found required class 'org.springframework.http.converter.json.Jackson2ObjectMapperBuilder' (OnClassCondition)

   JacksonAutoConfiguration.JacksonObjectMapperBuilderConfiguration#jacksonObjectMapperBuilder matched:
      - @ConditionalOnMissingBean (types: org.springframework.http.converter.json.Jackson2ObjectMapperBuilder; SearchStrategy: all) did not find any beans (OnBeanCondition)

   JacksonAutoConfiguration.JacksonObjectMapperConfiguration matched:
      - @ConditionalOnClass found required class 'org.springframework.http.converter.json.Jackson2ObjectMapperBuilder' (OnClassCondition)

   JacksonAutoConfiguration.JacksonObjectMapperConfiguration#jacksonObjectMapper matched:
      - @ConditionalOnMissingBean (types: com.fasterxml.jackson.databind.ObjectMapper; SearchStrategy: all) did not find any beans (OnBeanCondition)

   JacksonAutoConfiguration.ParameterNamesModuleConfiguration matched:
      - @ConditionalOnClass found required class 'com.fasterxml.jackson.module.paramnames.ParameterNamesModule' (OnClassCondition)

   JacksonAutoConfiguration.ParameterNamesModuleConfiguration#parameterNamesModule matched:
      - @ConditionalOnMissingBean (types: com.fasterxml.jackson.module.paramnames.ParameterNamesModule; SearchStrategy: all) did not find any beans (OnBeanCondition)

   JacksonHttpMessageConvertersConfiguration.MappingJackson2HttpMessageConverterConfiguration matched:
      - @ConditionalOnClass found required class 'com.fasterxml.jackson.databind.ObjectMapper' (OnClassCondition)
      - @ConditionalOnPreferredJsonMapper JACKSON no property was configured and Jackson is the default (OnPreferredJsonMapperCondition)
      - @ConditionalOnBean (types: com.fasterxml.jackson.databind.ObjectMapper; SearchStrategy: all) found bean 'jacksonObjectMapper' (OnBeanCondition)

   JacksonHttpMessageConvertersConfiguration.MappingJackson2HttpMessageConverterConfiguration#mappingJackson2HttpMessageConverter matched:
      - @ConditionalOnMissingBean (types: org.springframework.http.converter.json.MappingJackson2HttpMessageConverter ignored: ?; SearchStrategy: all) did not find any beans (OnBeanCondition)

   JdbcClientAutoConfiguration matched:
      - @ConditionalOnSingleCandidate (types: org.springframework.jdbc.core.namedparam.NamedParameterJdbcTemplate; SearchStrategy: all) found a single bean 'namedParameterJdbcTemplate'; @ConditionalOnMissingBean (types: org.springframework.jdbc.core.simple.JdbcClient; SearchStrategy: all) did not find any beans (OnBeanCondition)

   JdbcTemplateAutoConfiguration matched:
      - @ConditionalOnClass found required classes 'javax.sql.DataSource', 'org.springframework.jdbc.core.JdbcTemplate' (OnClassCondition)
      - @ConditionalOnSingleCandidate (types: javax.sql.DataSource; SearchStrategy: all) found a single bean 'dataSource' (OnBeanCondition)

   JdbcTemplateConfiguration matched:
      - @ConditionalOnMissingBean (types: org.springframework.jdbc.core.JdbcOperations; SearchStrategy: all) did not find any beans (OnBeanCondition)

   JpaBaseConfiguration#entityManagerFactory matched:
      - @ConditionalOnMissingBean (types: org.springframework.orm.jpa.LocalContainerEntityManagerFactoryBean,jakarta.persistence.EntityManagerFactory; SearchStrategy: all) did not find any beans (OnBeanCondition)

   JpaBaseConfiguration#entityManagerFactoryBuilder matched:
      - @ConditionalOnMissingBean (types: org.springframework.boot.orm.jpa.EntityManagerFactoryBuilder; SearchStrategy: all) did not find any beans (OnBeanCondition)

   JpaBaseConfiguration#jpaVendorAdapter matched:
      - @ConditionalOnMissingBean (types: org.springframework.orm.jpa.JpaVendorAdapter; SearchStrategy: all) did not find any beans (OnBeanCondition)

   JpaBaseConfiguration#transactionManager matched:
      - @ConditionalOnMissingBean (types: org.springframework.transaction.TransactionManager; SearchStrategy: all) did not find any beans (OnBeanCondition)

   JpaBaseConfiguration.JpaWebConfiguration matched:
      - @ConditionalOnClass found required class 'org.springframework.web.servlet.config.annotation.WebMvcConfigurer' (OnClassCondition)
      - found 'session' scope (OnWebApplicationCondition)
      - @ConditionalOnBooleanProperty (spring.jpa.open-in-view=true) matched (OnPropertyCondition)
      - @ConditionalOnMissingBean (types: org.springframework.orm.jpa.support.OpenEntityManagerInViewInterceptor,org.springframework.orm.jpa.support.OpenEntityManagerInViewFilter; SearchStrategy: all) did not find any beans (OnBeanCondition)

   JpaBaseConfiguration.PersistenceManagedTypesConfiguration matched:
      - @ConditionalOnMissingBean (types: org.springframework.orm.jpa.LocalContainerEntityManagerFactoryBean,jakarta.persistence.EntityManagerFactory; SearchStrategy: all) did not find any beans (OnBeanCondition)

   JpaBaseConfiguration.PersistenceManagedTypesConfiguration#persistenceManagedTypes matched:
      - @ConditionalOnMissingBean (types: org.springframework.orm.jpa.persistenceunit.PersistenceManagedTypes; SearchStrategy: all) did not find any beans (OnBeanCondition)

   JpaRepositoriesAutoConfiguration matched:
      - @ConditionalOnClass found required class 'org.springframework.data.jpa.repository.JpaRepository' (OnClassCondition)
      - @ConditionalOnBooleanProperty (spring.data.jpa.repositories.enabled=true) matched (OnPropertyCondition)
      - @ConditionalOnBean (types: javax.sql.DataSource; SearchStrategy: all) found bean 'dataSource'; @ConditionalOnMissingBean (types: org.springframework.data.jpa.repository.support.JpaRepositoryFactoryBean,org.springframework.data.jpa.repository.config.JpaRepositoryConfigExtension; SearchStrategy: all) did not find any beans (OnBeanCondition)

   JtaAutoConfiguration matched:
      - @ConditionalOnClass found required class 'jakarta.transaction.Transaction' (OnClassCondition)
      - @ConditionalOnBooleanProperty (spring.jta.enabled=true) matched (OnPropertyCondition)

   LifecycleAutoConfiguration#defaultLifecycleProcessor matched:
      - @ConditionalOnMissingBean (names: lifecycleProcessor; SearchStrategy: current) did not find any beans (OnBeanCondition)

   MultipartAutoConfiguration matched:
      - @ConditionalOnClass found required classes 'jakarta.servlet.Servlet', 'org.springframework.web.multipart.support.StandardServletMultipartResolver', 'jakarta.servlet.MultipartConfigElement' (OnClassCondition)
      - found 'session' scope (OnWebApplicationCondition)
      - @ConditionalOnBooleanProperty (spring.servlet.multipart.enabled=true) matched (OnPropertyCondition)

   MultipartAutoConfiguration#multipartConfigElement matched:
      - @ConditionalOnMissingBean (types: jakarta.servlet.MultipartConfigElement; SearchStrategy: all) did not find any beans (OnBeanCondition)

   MultipartAutoConfiguration#multipartResolver matched:
      - @ConditionalOnMissingBean (types: org.springframework.web.multipart.MultipartResolver; SearchStrategy: all) did not find any beans (OnBeanCondition)

   NamedParameterJdbcTemplateConfiguration matched:
      - @ConditionalOnSingleCandidate (types: org.springframework.jdbc.core.JdbcTemplate; SearchStrategy: all) found a single bean 'jdbcTemplate'; @ConditionalOnMissingBean (types: org.springframework.jdbc.core.namedparam.NamedParameterJdbcOperations; SearchStrategy: all) did not find any beans (OnBeanCondition)

   NoOpCacheConfiguration matched:
      - Cache org.springframework.boot.autoconfigure.cache.NoOpCacheConfiguration automatic cache type (CacheCondition)

   PersistenceExceptionTranslationAutoConfiguration matched:
      - @ConditionalOnClass found required class 'org.springframework.dao.annotation.PersistenceExceptionTranslationPostProcessor' (OnClassCondition)

   PersistenceExceptionTranslationAutoConfiguration#persistenceExceptionTranslationPostProcessor matched:
      - @ConditionalOnBooleanProperty (spring.dao.exceptiontranslation.enabled=true) matched (OnPropertyCondition)
      - @ConditionalOnMissingBean (types: org.springframework.dao.annotation.PersistenceExceptionTranslationPostProcessor; SearchStrategy: all) did not find any beans (OnBeanCondition)

   PropertyPlaceholderAutoConfiguration#propertySourcesPlaceholderConfigurer matched:
      - @ConditionalOnMissingBean (types: org.springframework.context.support.PropertySourcesPlaceholderConfigurer; SearchStrategy: current) did not find any beans (OnBeanCondition)

   RestClientAutoConfiguration matched:
      - @ConditionalOnClass found required class 'org.springframework.web.client.RestClient' (OnClassCondition)
      - AnyNestedCondition 1 matched 1 did not; NestedCondition on NotReactiveWebApplicationOrVirtualThreadsExecutorEnabledCondition.VirtualThreadsExecutorEnabled found non-matching nested conditions @ConditionalOnThreading did not find VIRTUAL; NestedCondition on NotReactiveWebApplicationOrVirtualThreadsExecutorEnabledCondition.NotReactiveWebApplication NoneNestedConditions 0 matched 1 did not; NestedCondition on NotReactiveWebApplicationCondition.ReactiveWebApplication did not find reactive web application classes (NotReactiveWebApplicationOrVirtualThreadsExecutorEnabledCondition)

   RestClientAutoConfiguration#httpMessageConvertersRestClientCustomizer matched:
      - @ConditionalOnMissingBean (types: org.springframework.boot.autoconfigure.web.client.HttpMessageConvertersRestClientCustomizer; SearchStrategy: all) did not find any beans (OnBeanCondition)

   RestClientAutoConfiguration#restClientBuilder matched:
      - @ConditionalOnMissingBean (types: org.springframework.web.client.RestClient$Builder; SearchStrategy: all) did not find any beans (OnBeanCondition)

   RestClientAutoConfiguration#restClientBuilderConfigurer matched:
      - @ConditionalOnMissingBean (types: org.springframework.boot.autoconfigure.web.client.RestClientBuilderConfigurer; SearchStrategy: all) did not find any beans (OnBeanCondition)

   RestClientAutoConfiguration#restClientSsl matched:
      - @ConditionalOnBean (types: org.springframework.boot.ssl.SslBundles; SearchStrategy: all) found bean 'sslBundleRegistry'; @ConditionalOnMissingBean (types: org.springframework.boot.autoconfigure.web.client.RestClientSsl; SearchStrategy: all) did not find any beans (OnBeanCondition)

   RestTemplateAutoConfiguration matched:
      - @ConditionalOnClass found required class 'org.springframework.web.client.RestTemplate' (OnClassCondition)
      - NoneNestedConditions 0 matched 1 did not; NestedCondition on NotReactiveWebApplicationCondition.ReactiveWebApplication did not find reactive web application classes (NotReactiveWebApplicationCondition)

   RestTemplateAutoConfiguration#restTemplateBuilder matched:
      - @ConditionalOnMissingBean (types: org.springframework.boot.web.client.RestTemplateBuilder; SearchStrategy: all) did not find any beans (OnBeanCondition)

   ServletWebServerFactoryAutoConfiguration matched:
      - @ConditionalOnClass found required class 'jakarta.servlet.ServletRequest' (OnClassCondition)
      - found 'session' scope (OnWebApplicationCondition)

   ServletWebServerFactoryAutoConfiguration#tomcatServletWebServerFactoryCustomizer matched:
      - @ConditionalOnClass found required class 'org.apache.catalina.startup.Tomcat' (OnClassCondition)

   ServletWebServerFactoryConfiguration.EmbeddedTomcat matched:
      - @ConditionalOnClass found required classes 'jakarta.servlet.Servlet', 'org.apache.catalina.startup.Tomcat', 'org.apache.coyote.UpgradeProtocol' (OnClassCondition)
      - @ConditionalOnMissingBean (types: org.springframework.boot.web.servlet.server.ServletWebServerFactory; SearchStrategy: current) did not find any beans (OnBeanCondition)

   SimpleCacheConfiguration matched:
      - Cache org.springframework.boot.autoconfigure.cache.SimpleCacheConfiguration automatic cache type (CacheCondition)

   SpringDataWebAutoConfiguration matched:
      - @ConditionalOnClass found required classes 'org.springframework.data.web.PageableHandlerMethodArgumentResolver', 'org.springframework.web.servlet.config.annotation.WebMvcConfigurer' (OnClassCondition)
      - found 'session' scope (OnWebApplicationCondition)
      - @ConditionalOnMissingBean (types: org.springframework.data.web.PageableHandlerMethodArgumentResolver; SearchStrategy: all) did not find any beans (OnBeanCondition)

   SpringDataWebAutoConfiguration#pageableCustomizer matched:
      - @ConditionalOnMissingBean (types: org.springframework.data.web.config.PageableHandlerMethodArgumentResolverCustomizer; SearchStrategy: all) did not find any beans (OnBeanCondition)

   SpringDataWebAutoConfiguration#sortCustomizer matched:
      - @ConditionalOnMissingBean (types: org.springframework.data.web.config.SortHandlerMethodArgumentResolverCustomizer; SearchStrategy: all) did not find any beans (OnBeanCondition)

   SpringDataWebAutoConfiguration#springDataWebSettings matched:
      - @ConditionalOnMissingBean (types: org.springframework.data.web.config.SpringDataWebSettings; SearchStrategy: all) did not find any beans (OnBeanCondition)

   SqlInitializationAutoConfiguration matched:
      - @ConditionalOnBooleanProperty (spring.sql.init.enabled=true) matched (OnPropertyCondition)
      - NoneNestedConditions 0 matched 1 did not; NestedCondition on SqlInitializationAutoConfiguration.SqlInitializationModeCondition.ModeIsNever @ConditionalOnProperty (spring.sql.init.mode=never) did not find property 'spring.sql.init.mode' (SqlInitializationAutoConfiguration.SqlInitializationModeCondition)

   SslAutoConfiguration#sslBundleRegistry matched:
      - @ConditionalOnMissingBean (types: org.springframework.boot.ssl.SslBundleRegistry,org.springframework.boot.ssl.SslBundles; SearchStrategy: all) did not find any beans (OnBeanCondition)

   TaskExecutionAutoConfiguration matched:
      - @ConditionalOnClass found required class 'org.springframework.scheduling.concurrent.ThreadPoolTaskExecutor' (OnClassCondition)

   TaskExecutorConfigurations.AsyncConfigurerConfiguration matched:
      - @ConditionalOnMissingBean (types: org.springframework.scheduling.annotation.AsyncConfigurer; SearchStrategy: all) did not find any beans (OnBeanCondition)

   TaskExecutorConfigurations.AsyncConfigurerConfiguration#applicationTaskExecutorAsyncConfigurer matched:
      - @ConditionalOnMissingBean (types: org.springframework.scheduling.annotation.AsyncConfigurer; SearchStrategy: all) did not find any beans (OnBeanCondition)

   TaskExecutorConfigurations.SimpleAsyncTaskExecutorBuilderConfiguration#simpleAsyncTaskExecutorBuilder matched:
      - @ConditionalOnMissingBean (types: org.springframework.boot.task.SimpleAsyncTaskExecutorBuilder; SearchStrategy: all) did not find any beans (OnBeanCondition)
      - @ConditionalOnThreading found PLATFORM (OnThreadingCondition)

   TaskExecutorConfigurations.TaskExecutorConfiguration matched:
      - AnyNestedCondition 1 matched 1 did not; NestedCondition on TaskExecutorConfigurations.OnExecutorCondition.ModelCondition @ConditionalOnProperty (spring.task.execution.mode=force) did not find property 'spring.task.execution.mode'; NestedCondition on TaskExecutorConfigurations.OnExecutorCondition.ExecutorBeanCondition @ConditionalOnMissingBean (types: java.util.concurrent.Executor; SearchStrategy: all) did not find any beans (TaskExecutorConfigurations.OnExecutorCondition)

   TaskExecutorConfigurations.TaskExecutorConfiguration#applicationTaskExecutor matched:
      - @ConditionalOnThreading found PLATFORM (OnThreadingCondition)

   TaskExecutorConfigurations.ThreadPoolTaskExecutorBuilderConfiguration#threadPoolTaskExecutorBuilder matched:
      - @ConditionalOnMissingBean (types: org.springframework.boot.task.ThreadPoolTaskExecutorBuilder; SearchStrategy: all) did not find any beans (OnBeanCondition)

   TaskSchedulingAutoConfiguration matched:
      - @ConditionalOnClass found required class 'org.springframework.scheduling.concurrent.ThreadPoolTaskScheduler' (OnClassCondition)

   TaskSchedulingConfigurations.SimpleAsyncTaskSchedulerBuilderConfiguration#simpleAsyncTaskSchedulerBuilder matched:
      - @ConditionalOnMissingBean (types: org.springframework.boot.task.SimpleAsyncTaskSchedulerBuilder; SearchStrategy: all) did not find any beans (OnBeanCondition)
      - @ConditionalOnThreading found PLATFORM (OnThreadingCondition)

   TaskSchedulingConfigurations.ThreadPoolTaskSchedulerBuilderConfiguration#threadPoolTaskSchedulerBuilder matched:
      - @ConditionalOnMissingBean (types: org.springframework.boot.task.ThreadPoolTaskSchedulerBuilder; SearchStrategy: all) did not find any beans (OnBeanCondition)

   TransactionAutoConfiguration matched:
      - @ConditionalOnClass found required class 'org.springframework.transaction.PlatformTransactionManager' (OnClassCondition)

   TransactionAutoConfiguration.EnableTransactionManagementConfiguration matched:
      - @ConditionalOnBean (types: org.springframework.transaction.TransactionManager; SearchStrategy: all) found bean 'transactionManager'; @ConditionalOnMissingBean (types: org.springframework.transaction.annotation.AbstractTransactionManagementConfiguration; SearchStrategy: all) did not find any beans (OnBeanCondition)

   TransactionAutoConfiguration.EnableTransactionManagementConfiguration.CglibAutoProxyConfiguration matched:
      - @ConditionalOnBooleanProperty (spring.aop.proxy-target-class=true) matched (OnPropertyCondition)

   TransactionAutoConfiguration.TransactionTemplateConfiguration matched:
      - @ConditionalOnSingleCandidate (types: org.springframework.transaction.PlatformTransactionManager; SearchStrategy: all) found a single bean 'transactionManager' (OnBeanCondition)

   TransactionAutoConfiguration.TransactionTemplateConfiguration#transactionTemplate matched:
      - @ConditionalOnMissingBean (types: org.springframework.transaction.support.TransactionOperations; SearchStrategy: all) did not find any beans (OnBeanCondition)

   TransactionManagerCustomizationAutoConfiguration matched:
      - @ConditionalOnClass found required class 'org.springframework.transaction.PlatformTransactionManager' (OnClassCondition)

   TransactionManagerCustomizationAutoConfiguration#platformTransactionManagerCustomizers matched:
      - @ConditionalOnMissingBean (types: org.springframework.boot.autoconfigure.transaction.TransactionManagerCustomizers; SearchStrategy: all) did not find any beans (OnBeanCondition)

   ValidationAutoConfiguration matched:
      - @ConditionalOnClass found required class 'jakarta.validation.executable.ExecutableValidator' (OnClassCondition)
      - @ConditionalOnResource found location classpath:META-INF/services/jakarta.validation.spi.ValidationProvider (OnResourceCondition)

   ValidationAutoConfiguration#defaultValidator matched:
      - @ConditionalOnMissingBean (types: jakarta.validation.Validator; SearchStrategy: all) did not find any beans (OnBeanCondition)

   ValidationAutoConfiguration#methodValidationPostProcessor matched:
      - @ConditionalOnMissingBean (types: org.springframework.validation.beanvalidation.MethodValidationPostProcessor; SearchStrategy: current) did not find any beans (OnBeanCondition)

   WebMvcAutoConfiguration matched:
      - @ConditionalOnClass found required classes 'jakarta.servlet.Servlet', 'org.springframework.web.servlet.DispatcherServlet', 'org.springframework.web.servlet.config.annotation.WebMvcConfigurer' (OnClassCondition)
      - found 'session' scope (OnWebApplicationCondition)
      - @ConditionalOnMissingBean (types: org.springframework.web.servlet.config.annotation.WebMvcConfigurationSupport; SearchStrategy: all) did not find any beans (OnBeanCondition)

   WebMvcAutoConfiguration#formContentFilter matched:
      - @ConditionalOnBooleanProperty (spring.mvc.formcontent.filter.enabled=true) matched (OnPropertyCondition)
      - @ConditionalOnMissingBean (types: org.springframework.web.filter.FormContentFilter; SearchStrategy: all) did not find any beans (OnBeanCondition)

   WebMvcAutoConfiguration.EnableWebMvcConfiguration#flashMapManager matched:
      - @ConditionalOnMissingBean (names: flashMapManager; SearchStrategy: all) did not find any beans (OnBeanCondition)

   WebMvcAutoConfiguration.EnableWebMvcConfiguration#localeResolver matched:
      - @ConditionalOnMissingBean (names: localeResolver; SearchStrategy: all) did not find any beans (OnBeanCondition)

   WebMvcAutoConfiguration.EnableWebMvcConfiguration#themeResolver matched:
      - @ConditionalOnMissingBean (names: themeResolver; SearchStrategy: all) did not find any beans (OnBeanCondition)

   WebMvcAutoConfiguration.EnableWebMvcConfiguration#viewNameTranslator matched:
      - @ConditionalOnMissingBean (names: viewNameTranslator; SearchStrategy: all) did not find any beans (OnBeanCondition)

   WebMvcAutoConfiguration.WebMvcAutoConfigurationAdapter#defaultViewResolver matched:
      - @ConditionalOnMissingBean (types: org.springframework.web.servlet.view.InternalResourceViewResolver; SearchStrategy: all) did not find any beans (OnBeanCondition)

   WebMvcAutoConfiguration.WebMvcAutoConfigurationAdapter#requestContextFilter matched:
      - @ConditionalOnMissingBean (types: org.springframework.web.context.request.RequestContextListener,org.springframework.web.filter.RequestContextFilter; SearchStrategy: all) did not find any beans (OnBeanCondition)

   WebMvcAutoConfiguration.WebMvcAutoConfigurationAdapter#viewResolver matched:
      - @ConditionalOnBean (types: org.springframework.web.servlet.ViewResolver; SearchStrategy: all) found beans 'defaultViewResolver', 'beanNameViewResolver', 'mvcViewResolver'; @ConditionalOnMissingBean (names: viewResolver types: org.springframework.web.servlet.view.ContentNegotiatingViewResolver; SearchStrategy: all) did not find any beans (OnBeanCondition)

   WebSocketServletAutoConfiguration matched:
      - @ConditionalOnClass found required classes 'jakarta.servlet.Servlet', 'jakarta.websocket.server.ServerContainer' (OnClassCondition)
      - found 'session' scope (OnWebApplicationCondition)

   WebSocketServletAutoConfiguration.TomcatWebSocketConfiguration matched:
      - @ConditionalOnClass found required classes 'org.apache.catalina.startup.Tomcat', 'org.apache.tomcat.websocket.server.WsSci' (OnClassCondition)

   WebSocketServletAutoConfiguration.TomcatWebSocketConfiguration#websocketServletWebServerCustomizer matched:
      - @ConditionalOnMissingBean (names: websocketServletWebServerCustomizer; SearchStrategy: all) did not find any beans (OnBeanCondition)


Negative matches:
-----------------

   ActiveMQAutoConfiguration:
      Did not match:
         - @ConditionalOnClass did not find required class 'jakarta.jms.ConnectionFactory' (OnClassCondition)

   AopAutoConfiguration.AspectJAutoProxyingConfiguration.JdkDynamicAutoProxyConfiguration:
      Did not match:
         - @ConditionalOnBooleanProperty (spring.aop.proxy-target-class=false) did not find property 'spring.aop.proxy-target-class' (OnPropertyCondition)

   AopAutoConfiguration.ClassProxyingConfiguration:
      Did not match:
         - @ConditionalOnMissingClass found unwanted class 'org.aspectj.weaver.Advice' (OnClassCondition)

   ArtemisAutoConfiguration:
      Did not match:
         - @ConditionalOnClass did not find required class 'jakarta.jms.ConnectionFactory' (OnClassCondition)

   BatchAutoConfiguration:
      Did not match:
         - @ConditionalOnClass did not find required class 'org.springframework.batch.core.launch.JobLauncher' (OnClassCondition)

   Cache2kCacheConfiguration:
      Did not match:
         - @ConditionalOnClass did not find required class 'org.cache2k.Cache2kBuilder' (OnClassCondition)

   CacheAutoConfiguration:
      Did not match:
         - @ConditionalOnBean (types: org.springframework.cache.interceptor.CacheAspectSupport; SearchStrategy: all) did not find any beans of type org.springframework.cache.interceptor.CacheAspectSupport (OnBeanCondition)
      Matched:
         - @ConditionalOnClass found required class 'org.springframework.cache.CacheManager' (OnClassCondition)

   CacheAutoConfiguration.CacheManagerEntityManagerFactoryDependsOnPostProcessor:
      Did not match:
         - Ancestor org.springframework.boot.autoconfigure.cache.CacheAutoConfiguration did not match (ConditionEvaluationReport.AncestorsMatchedCondition)
      Matched:
         - @ConditionalOnClass found required class 'org.springframework.orm.jpa.LocalContainerEntityManagerFactoryBean' (OnClassCondition)

   CaffeineCacheConfiguration:
      Did not match:
         - @ConditionalOnClass did not find required class 'com.github.benmanes.caffeine.cache.Caffeine' (OnClassCondition)

   CassandraAutoConfiguration:
      Did not match:
         - @ConditionalOnClass did not find required class 'com.datastax.oss.driver.api.core.CqlSession' (OnClassCondition)

   CassandraDataAutoConfiguration:
      Did not match:
         - @ConditionalOnClass did not find required class 'com.datastax.oss.driver.api.core.CqlSession' (OnClassCondition)

   CassandraReactiveDataAutoConfiguration:
      Did not match:
         - @ConditionalOnClass did not find required class 'com.datastax.oss.driver.api.core.CqlSession' (OnClassCondition)

   CassandraReactiveRepositoriesAutoConfiguration:
      Did not match:
         - @ConditionalOnClass did not find required class 'org.springframework.data.cassandra.ReactiveSession' (OnClassCondition)

   CassandraRepositoriesAutoConfiguration:
      Did not match:
         - @ConditionalOnClass did not find required class 'com.datastax.oss.driver.api.core.CqlSession' (OnClassCondition)

   org.springframework.boot.autoconfigure.http.client.reactive.ClientHttpConnectorAutoConfiguration:
      Did not match:
         - @ConditionalOnClass did not find required class 'reactor.core.publisher.Mono' (OnClassCondition)

   org.springframework.boot.autoconfigure.web.reactive.function.client.ClientHttpConnectorAutoConfiguration:
      Did not match:
         - @ConditionalOnClass did not find required class 'org.springframework.web.reactive.function.client.WebClient' (OnClassCondition)

   CodecsAutoConfiguration:
      Did not match:
         - @ConditionalOnClass did not find required class 'org.springframework.web.reactive.function.client.WebClient' (OnClassCondition)

   CouchbaseAutoConfiguration:
      Did not match:
         - @ConditionalOnClass did not find required class 'com.couchbase.client.java.Cluster' (OnClassCondition)

   CouchbaseCacheConfiguration:
      Did not match:
         - @ConditionalOnClass did not find required class 'com.couchbase.client.java.Cluster' (OnClassCondition)

   CouchbaseDataAutoConfiguration:
      Did not match:
         - @ConditionalOnClass did not find required class 'com.couchbase.client.java.Bucket' (OnClassCondition)

   CouchbaseReactiveDataAutoConfiguration:
      Did not match:
         - @ConditionalOnClass did not find required class 'com.couchbase.client.java.Cluster' (OnClassCondition)

   CouchbaseReactiveRepositoriesAutoConfiguration:
      Did not match:
         - @ConditionalOnClass did not find required class 'com.couchbase.client.java.Cluster' (OnClassCondition)

   CouchbaseRepositoriesAutoConfiguration:
      Did not match:
         - @ConditionalOnClass did not find required class 'com.couchbase.client.java.Bucket' (OnClassCondition)

   DataSourceAutoConfiguration.EmbeddedDatabaseConfiguration:
      Did not match:
         - EmbeddedDataSource spring.datasource.url is set (DataSourceAutoConfiguration.EmbeddedDatabaseCondition)

   DataSourceCheckpointRestoreConfiguration:
      Did not match:
         - @ConditionalOnClass did not find required class 'org.crac.Resource' (OnClassCondition)

   DataSourceConfiguration.Dbcp2:
      Did not match:
         - @ConditionalOnClass did not find required class 'org.apache.commons.dbcp2.BasicDataSource' (OnClassCondition)

   DataSourceConfiguration.Generic:
      Did not match:
         - @ConditionalOnProperty (spring.datasource.type) did not find property 'spring.datasource.type' (OnPropertyCondition)

   DataSourceConfiguration.OracleUcp:
      Did not match:
         - @ConditionalOnClass did not find required classes 'oracle.ucp.jdbc.PoolDataSourceImpl', 'oracle.jdbc.OracleConnection' (OnClassCondition)

   DataSourceConfiguration.Tomcat:
      Did not match:
         - @ConditionalOnClass did not find required class 'org.apache.tomcat.jdbc.pool.DataSource' (OnClassCondition)

   DataSourceJmxConfiguration:
      Did not match:
         - @ConditionalOnBooleanProperty (spring.jmx.enabled=true) did not find property 'spring.jmx.enabled' (OnPropertyCondition)

   DataSourcePoolMetadataProvidersConfiguration.CommonsDbcp2PoolDataSourceMetadataProviderConfiguration:
      Did not match:
         - @ConditionalOnClass did not find required class 'org.apache.commons.dbcp2.BasicDataSource' (OnClassCondition)

   DataSourcePoolMetadataProvidersConfiguration.OracleUcpPoolDataSourceMetadataProviderConfiguration:
      Did not match:
         - @ConditionalOnClass did not find required classes 'oracle.ucp.jdbc.PoolDataSource', 'oracle.jdbc.OracleConnection' (OnClassCondition)

   DataSourcePoolMetadataProvidersConfiguration.TomcatDataSourcePoolMetadataProviderConfiguration:
      Did not match:
         - @ConditionalOnClass did not find required class 'org.apache.tomcat.jdbc.pool.DataSource' (OnClassCondition)

   DataSourceTransactionManagerAutoConfiguration.JdbcTransactionManagerConfiguration#transactionManager:
      Did not match:
         - @ConditionalOnMissingBean (types: org.springframework.transaction.TransactionManager; SearchStrategy: all) found beans of type 'org.springframework.transaction.TransactionManager' transactionManager (OnBeanCondition)

   DispatcherServletAutoConfiguration.DispatcherServletConfiguration#multipartResolver:
      Did not match:
         - @ConditionalOnBean (types: org.springframework.web.multipart.MultipartResolver; SearchStrategy: all) did not find any beans of type org.springframework.web.multipart.MultipartResolver (OnBeanCondition)

   ElasticsearchClientAutoConfiguration:
      Did not match:
         - @ConditionalOnClass did not find required class 'co.elastic.clients.elasticsearch.ElasticsearchClient' (OnClassCondition)

   ElasticsearchDataAutoConfiguration:
      Did not match:
         - @ConditionalOnClass did not find required class 'org.springframework.data.elasticsearch.client.elc.ElasticsearchTemplate' (OnClassCondition)

   ElasticsearchRepositoriesAutoConfiguration:
      Did not match:
         - @ConditionalOnClass did not find required class 'org.springframework.data.elasticsearch.repository.ElasticsearchRepository' (OnClassCondition)

   ElasticsearchRestClientAutoConfiguration:
      Did not match:
         - @ConditionalOnClass did not find required class 'org.elasticsearch.client.RestClientBuilder' (OnClassCondition)

   EmbeddedLdapAutoConfiguration:
      Did not match:
         - @ConditionalOnClass did not find required class 'com.unboundid.ldap.listener.InMemoryDirectoryServer' (OnClassCondition)

   EmbeddedWebServerFactoryCustomizerAutoConfiguration.JettyWebServerFactoryCustomizerConfiguration:
      Did not match:
         - @ConditionalOnClass did not find required classes 'org.eclipse.jetty.server.Server', 'org.eclipse.jetty.util.Loader', 'org.eclipse.jetty.ee10.webapp.WebAppContext' (OnClassCondition)

   EmbeddedWebServerFactoryCustomizerAutoConfiguration.NettyWebServerFactoryCustomizerConfiguration:
      Did not match:
         - @ConditionalOnClass did not find required class 'reactor.netty.http.server.HttpServer' (OnClassCondition)

   EmbeddedWebServerFactoryCustomizerAutoConfiguration.TomcatWebServerFactoryCustomizerConfiguration#tomcatVirtualThreadsProtocolHandlerCustomizer:
      Did not match:
         - @ConditionalOnThreading did not find VIRTUAL (OnThreadingCondition)

   EmbeddedWebServerFactoryCustomizerAutoConfiguration.UndertowWebServerFactoryCustomizerConfiguration:
      Did not match:
         - @ConditionalOnClass did not find required classes 'io.undertow.Undertow', 'org.xnio.SslClientAuthMode' (OnClassCondition)

   ErrorWebFluxAutoConfiguration:
      Did not match:
         - @ConditionalOnClass did not find required class 'org.springframework.web.reactive.config.WebFluxConfigurer' (OnClassCondition)

   FlywayAutoConfiguration:
      Did not match:
         - @ConditionalOnClass did not find required class 'org.flywaydb.core.Flyway' (OnClassCondition)

   FreeMarkerAutoConfiguration:
      Did not match:
         - @ConditionalOnClass did not find required class 'freemarker.template.Configuration' (OnClassCondition)

   GraphQlAutoConfiguration:
      Did not match:
         - @ConditionalOnClass did not find required class 'graphql.GraphQL' (OnClassCondition)

   GraphQlQueryByExampleAutoConfiguration:
      Did not match:
         - @ConditionalOnClass did not find required class 'graphql.GraphQL' (OnClassCondition)

   GraphQlQuerydslAutoConfiguration:
      Did not match:
         - @ConditionalOnClass did not find required class 'com.querydsl.core.Query' (OnClassCondition)

   GraphQlRSocketAutoConfiguration:
      Did not match:
         - @ConditionalOnClass did not find required class 'graphql.GraphQL' (OnClassCondition)

   GraphQlReactiveQueryByExampleAutoConfiguration:
      Did not match:
         - @ConditionalOnClass did not find required class 'graphql.GraphQL' (OnClassCondition)

   GraphQlReactiveQuerydslAutoConfiguration:
      Did not match:
         - @ConditionalOnClass did not find required class 'com.querydsl.core.Query' (OnClassCondition)

   GraphQlWebFluxAutoConfiguration:
      Did not match:
         - @ConditionalOnClass did not find required class 'graphql.GraphQL' (OnClassCondition)

   GraphQlWebFluxSecurityAutoConfiguration:
      Did not match:
         - @ConditionalOnClass did not find required class 'graphql.GraphQL' (OnClassCondition)

   GraphQlWebMvcAutoConfiguration:
      Did not match:
         - @ConditionalOnClass did not find required class 'graphql.GraphQL' (OnClassCondition)

   GraphQlWebMvcSecurityAutoConfiguration:
      Did not match:
         - @ConditionalOnClass did not find required class 'graphql.GraphQL' (OnClassCondition)

   GroovyTemplateAutoConfiguration:
      Did not match:
         - @ConditionalOnClass did not find required class 'groovy.text.markup.MarkupTemplateEngine' (OnClassCondition)

   GsonAutoConfiguration:
      Did not match:
         - @ConditionalOnClass did not find required class 'com.google.gson.Gson' (OnClassCondition)

   GsonHttpMessageConvertersConfiguration:
      Did not match:
         - @ConditionalOnClass did not find required class 'com.google.gson.Gson' (OnClassCondition)

   HazelcastAutoConfiguration:
      Did not match:
         - @ConditionalOnClass did not find required class 'com.hazelcast.core.HazelcastInstance' (OnClassCondition)

   HazelcastCacheConfiguration:
      Did not match:
         - @ConditionalOnClass did not find required class 'com.hazelcast.core.HazelcastInstance' (OnClassCondition)

   HazelcastJpaDependencyAutoConfiguration:
      Did not match:
         - @ConditionalOnClass did not find required class 'com.hazelcast.core.HazelcastInstance' (OnClassCondition)

   HttpHandlerAutoConfiguration:
      Did not match:
         - @ConditionalOnClass did not find required class 'org.springframework.web.reactive.DispatcherHandler' (OnClassCondition)

   HypermediaAutoConfiguration:
      Did not match:
         - @ConditionalOnClass did not find required class 'org.springframework.hateoas.EntityModel' (OnClassCondition)

   InfinispanCacheConfiguration:
      Did not match:
         - @ConditionalOnClass did not find required class 'org.infinispan.spring.embedded.provider.SpringEmbeddedCacheManager' (OnClassCondition)

   IntegrationAutoConfiguration:
      Did not match:
         - @ConditionalOnClass did not find required class 'org.springframework.integration.config.EnableIntegration' (OnClassCondition)

   JCacheCacheConfiguration:
      Did not match:
         - @ConditionalOnClass did not find required class 'javax.cache.Caching' (OnClassCondition)

   JacksonHttpMessageConvertersConfiguration.MappingJackson2XmlHttpMessageConverterConfiguration:
      Did not match:
         - @ConditionalOnClass did not find required class 'com.fasterxml.jackson.dataformat.xml.XmlMapper' (OnClassCondition)

   JdbcRepositoriesAutoConfiguration:
      Did not match:
         - @ConditionalOnClass did not find required class 'org.springframework.data.jdbc.repository.config.AbstractJdbcConfiguration' (OnClassCondition)

   JerseyAutoConfiguration:
      Did not match:
         - @ConditionalOnClass did not find required class 'org.glassfish.jersey.server.spring.SpringComponentProvider' (OnClassCondition)

   JmsAutoConfiguration:
      Did not match:
         - @ConditionalOnClass did not find required class 'jakarta.jms.Message' (OnClassCondition)

   JmxAutoConfiguration:
      Did not match:
         - @ConditionalOnBooleanProperty (spring.jmx.enabled=true) did not find property 'spring.jmx.enabled' (OnPropertyCondition)
      Matched:
         - @ConditionalOnClass found required class 'org.springframework.jmx.export.MBeanExporter' (OnClassCondition)

   JndiConnectionFactoryAutoConfiguration:
      Did not match:
         - @ConditionalOnClass did not find required class 'org.springframework.jms.core.JmsTemplate' (OnClassCondition)

   JndiDataSourceAutoConfiguration:
      Did not match:
         - @ConditionalOnProperty (spring.datasource.jndi-name) did not find property 'spring.datasource.jndi-name' (OnPropertyCondition)
      Matched:
         - @ConditionalOnClass found required classes 'javax.sql.DataSource', 'org.springframework.jdbc.datasource.embedded.EmbeddedDatabaseType' (OnClassCondition)

   JndiJtaConfiguration:
      Did not match:
         - @ConditionalOnJndi JNDI environment is not available (OnJndiCondition)
      Matched:
         - @ConditionalOnClass found required class 'org.springframework.transaction.jta.JtaTransactionManager' (OnClassCondition)

   JooqAutoConfiguration:
      Did not match:
         - @ConditionalOnClass did not find required class 'org.jooq.DSLContext' (OnClassCondition)

   JpaRepositoriesAutoConfiguration#entityManagerFactoryBootstrapExecutorCustomizer:
      Did not match:
         - AnyNestedCondition 0 matched 2 did not; NestedCondition on JpaRepositoriesAutoConfiguration.BootstrapExecutorCondition.LazyBootstrapMode @ConditionalOnProperty (spring.data.jpa.repositories.bootstrap-mode=lazy) did not find property 'spring.data.jpa.repositories.bootstrap-mode'; NestedCondition on JpaRepositoriesAutoConfiguration.BootstrapExecutorCondition.DeferredBootstrapMode @ConditionalOnProperty (spring.data.jpa.repositories.bootstrap-mode=deferred) did not find property 'spring.data.jpa.repositories.bootstrap-mode' (JpaRepositoriesAutoConfiguration.BootstrapExecutorCondition)

   JsonbAutoConfiguration:
      Did not match:
         - @ConditionalOnClass did not find required class 'jakarta.json.bind.Jsonb' (OnClassCondition)

   JsonbHttpMessageConvertersConfiguration:
      Did not match:
         - @ConditionalOnClass did not find required class 'jakarta.json.bind.Jsonb' (OnClassCondition)

   KafkaAutoConfiguration:
      Did not match:
         - @ConditionalOnClass did not find required class 'org.springframework.kafka.core.KafkaTemplate' (OnClassCondition)

   LdapAutoConfiguration:
      Did not match:
         - @ConditionalOnClass did not find required class 'org.springframework.ldap.core.ContextSource' (OnClassCondition)

   LdapRepositoriesAutoConfiguration:
      Did not match:
         - @ConditionalOnClass did not find required class 'org.springframework.data.ldap.repository.LdapRepository' (OnClassCondition)

   LiquibaseAutoConfiguration:
      Did not match:
         - @ConditionalOnClass did not find required class 'liquibase.change.DatabaseChange' (OnClassCondition)

   MailSenderAutoConfiguration:
      Did not match:
         - @ConditionalOnClass did not find required class 'jakarta.mail.internet.MimeMessage' (OnClassCondition)

   MailSenderValidatorAutoConfiguration:
      Did not match:
         - @ConditionalOnSingleCandidate did not find required type 'org.springframework.mail.javamail.JavaMailSenderImpl' (OnBeanCondition)

   MessageSourceAutoConfiguration:
      Did not match:
         - ResourceBundle did not find bundle with basename messages (MessageSourceAutoConfiguration.ResourceBundleCondition)

   MongoAutoConfiguration:
      Did not match:
         - @ConditionalOnClass did not find required class 'com.mongodb.client.MongoClient' (OnClassCondition)

   MongoDataAutoConfiguration:
      Did not match:
         - @ConditionalOnClass did not find required class 'com.mongodb.client.MongoClient' (OnClassCondition)

   MongoReactiveAutoConfiguration:
      Did not match:
         - @ConditionalOnClass did not find required class 'com.mongodb.reactivestreams.client.MongoClient' (OnClassCondition)

   MongoReactiveDataAutoConfiguration:
      Did not match:
         - @ConditionalOnClass did not find required class 'com.mongodb.reactivestreams.client.MongoClient' (OnClassCondition)

   MongoReactiveRepositoriesAutoConfiguration:
      Did not match:
         - @ConditionalOnClass did not find required class 'com.mongodb.reactivestreams.client.MongoClient' (OnClassCondition)

   MongoRepositoriesAutoConfiguration:
      Did not match:
         - @ConditionalOnClass did not find required class 'com.mongodb.client.MongoClient' (OnClassCondition)

   MustacheAutoConfiguration:
      Did not match:
         - @ConditionalOnClass did not find required class 'com.samskivert.mustache.Mustache' (OnClassCondition)

   Neo4jAutoConfiguration:
      Did not match:
         - @ConditionalOnClass did not find required class 'org.neo4j.driver.Driver' (OnClassCondition)

   Neo4jDataAutoConfiguration:
      Did not match:
         - @ConditionalOnClass did not find required class 'org.neo4j.driver.Driver' (OnClassCondition)

   Neo4jReactiveDataAutoConfiguration:
      Did not match:
         - @ConditionalOnClass did not find required class 'org.neo4j.driver.Driver' (OnClassCondition)

   Neo4jReactiveRepositoriesAutoConfiguration:
      Did not match:
         - @ConditionalOnClass did not find required class 'org.neo4j.driver.Driver' (OnClassCondition)

   Neo4jRepositoriesAutoConfiguration:
      Did not match:
         - @ConditionalOnClass did not find required class 'org.neo4j.driver.Driver' (OnClassCondition)

   NettyAutoConfiguration:
      Did not match:
         - @ConditionalOnClass did not find required class 'io.netty.util.NettyRuntime' (OnClassCondition)

   OAuth2AuthorizationServerAutoConfiguration:
      Did not match:
         - @ConditionalOnClass did not find required class 'org.springframework.security.oauth2.server.authorization.OAuth2Authorization' (OnClassCondition)

   OAuth2AuthorizationServerJwtAutoConfiguration:
      Did not match:
         - @ConditionalOnClass did not find required class 'com.nimbusds.jose.jwk.source.JWKSource' (OnClassCondition)

   OAuth2ClientAutoConfiguration:
      Did not match:
         - @ConditionalOnClass did not find required class 'org.springframework.security.oauth2.client.registration.ClientRegistration' (OnClassCondition)

   OAuth2ClientWebSecurityAutoConfiguration:
      Did not match:
         - @ConditionalOnClass did not find required class 'org.springframework.security.config.annotation.web.configuration.EnableWebSecurity' (OnClassCondition)

   OAuth2ResourceServerAutoConfiguration:
      Did not match:
         - @ConditionalOnClass did not find required class 'org.springframework.security.oauth2.server.resource.authentication.BearerTokenAuthenticationToken' (OnClassCondition)

   ProjectInfoAutoConfiguration#buildProperties:
      Did not match:
         - @ConditionalOnResource did not find resource '${spring.info.build.location:classpath:META-INF/build-info.properties}' (OnResourceCondition)

   ProjectInfoAutoConfiguration#gitProperties:
      Did not match:
         - GitResource did not find git info at classpath:git.properties (ProjectInfoAutoConfiguration.GitResourceAvailableCondition)

   PulsarAutoConfiguration:
      Did not match:
         - @ConditionalOnClass did not find required class 'org.apache.pulsar.client.api.PulsarClient' (OnClassCondition)

   PulsarReactiveAutoConfiguration:
      Did not match:
         - @ConditionalOnClass did not find required class 'org.apache.pulsar.client.api.PulsarClient' (OnClassCondition)

   QuartzAutoConfiguration:
      Did not match:
         - @ConditionalOnClass did not find required class 'org.quartz.Scheduler' (OnClassCondition)

   R2dbcAutoConfiguration:
      Did not match:
         - @ConditionalOnClass did not find required class 'io.r2dbc.spi.ConnectionFactory' (OnClassCondition)

   R2dbcDataAutoConfiguration:
      Did not match:
         - @ConditionalOnClass did not find required class 'org.springframework.data.r2dbc.core.R2dbcEntityTemplate' (OnClassCondition)

   R2dbcInitializationConfiguration:
      Did not match:
         - @ConditionalOnClass did not find required classes 'io.r2dbc.spi.ConnectionFactory', 'org.springframework.r2dbc.connection.init.DatabasePopulator' (OnClassCondition)

   R2dbcProxyAutoConfiguration:
      Did not match:
         - @ConditionalOnClass did not find required class 'io.r2dbc.proxy.ProxyConnectionFactory' (OnClassCondition)

   R2dbcRepositoriesAutoConfiguration:
      Did not match:
         - @ConditionalOnClass did not find required class 'io.r2dbc.spi.ConnectionFactory' (OnClassCondition)

   R2dbcTransactionManagerAutoConfiguration:
      Did not match:
         - @ConditionalOnClass did not find required class 'org.springframework.r2dbc.connection.R2dbcTransactionManager' (OnClassCondition)

   RSocketGraphQlClientAutoConfiguration:
      Did not match:
         - @ConditionalOnClass did not find required class 'graphql.GraphQL' (OnClassCondition)

   RSocketMessagingAutoConfiguration:
      Did not match:
         - @ConditionalOnClass did not find required class 'io.rsocket.RSocket' (OnClassCondition)

   RSocketRequesterAutoConfiguration:
      Did not match:
         - @ConditionalOnClass did not find required class 'io.rsocket.RSocket' (OnClassCondition)

   RSocketSecurityAutoConfiguration:
      Did not match:
         - @ConditionalOnClass did not find required class 'org.springframework.security.rsocket.core.SecuritySocketAcceptorInterceptor' (OnClassCondition)

   RSocketServerAutoConfiguration:
      Did not match:
         - @ConditionalOnClass did not find required class 'io.rsocket.core.RSocketServer' (OnClassCondition)

   RSocketStrategiesAutoConfiguration:
      Did not match:
         - @ConditionalOnClass did not find required class 'io.netty.buffer.PooledByteBufAllocator' (OnClassCondition)

   RabbitAutoConfiguration:
      Did not match:
         - @ConditionalOnClass did not find required class 'com.rabbitmq.client.Channel' (OnClassCondition)

   ReactiveElasticsearchClientAutoConfiguration:
      Did not match:
         - @ConditionalOnClass did not find required class 'co.elastic.clients.transport.ElasticsearchTransport' (OnClassCondition)

   ReactiveElasticsearchRepositoriesAutoConfiguration:
      Did not match:
         - @ConditionalOnClass did not find required class 'reactor.core.publisher.Mono' (OnClassCondition)

   ReactiveMultipartAutoConfiguration:
      Did not match:
         - @ConditionalOnClass did not find required class 'org.springframework.web.reactive.config.WebFluxConfigurer' (OnClassCondition)

   ReactiveOAuth2ClientAutoConfiguration:
      Did not match:
         - @ConditionalOnClass did not find required class 'reactor.core.publisher.Flux' (OnClassCondition)

   ReactiveOAuth2ClientWebSecurityAutoConfiguration:
      Did not match:
         - @ConditionalOnClass did not find required class 'reactor.core.publisher.Flux' (OnClassCondition)

   ReactiveOAuth2ResourceServerAutoConfiguration:
      Did not match:
         - @ConditionalOnClass did not find required class 'org.springframework.security.config.annotation.web.reactive.EnableWebFluxSecurity' (OnClassCondition)

   ReactiveSecurityAutoConfiguration:
      Did not match:
         - @ConditionalOnClass did not find required class 'reactor.core.publisher.Flux' (OnClassCondition)

   ReactiveUserDetailsServiceAutoConfiguration:
      Did not match:
         - @ConditionalOnClass did not find required class 'org.springframework.security.authentication.ReactiveAuthenticationManager' (OnClassCondition)

   ReactiveWebServerFactoryAutoConfiguration:
      Did not match:
         - @ConditionalOnWebApplication did not find reactive web application classes (OnWebApplicationCondition)

   ReactorAutoConfiguration:
      Did not match:
         - @ConditionalOnClass did not find required class 'reactor.core.publisher.Hooks' (OnClassCondition)

   RedisAutoConfiguration:
      Did not match:
         - @ConditionalOnClass did not find required class 'org.springframework.data.redis.core.RedisOperations' (OnClassCondition)

   RedisCacheConfiguration:
      Did not match:
         - @ConditionalOnClass did not find required class 'org.springframework.data.redis.connection.RedisConnectionFactory' (OnClassCondition)

   RedisReactiveAutoConfiguration:
      Did not match:
         - @ConditionalOnClass did not find required class 'reactor.core.publisher.Flux' (OnClassCondition)

   RedisRepositoriesAutoConfiguration:
      Did not match:
         - @ConditionalOnClass did not find required class 'org.springframework.data.redis.repository.configuration.EnableRedisRepositories' (OnClassCondition)

   RepositoryRestMvcAutoConfiguration:
      Did not match:
         - @ConditionalOnClass did not find required class 'org.springframework.data.rest.webmvc.config.RepositoryRestMvcConfiguration' (OnClassCondition)

   Saml2RelyingPartyAutoConfiguration:
      Did not match:
         - @ConditionalOnClass did not find required class 'org.springframework.security.saml2.provider.service.registration.RelyingPartyRegistrationRepository' (OnClassCondition)

   SecurityAutoConfiguration:
      Did not match:
         - @ConditionalOnClass did not find required class 'org.springframework.security.authentication.DefaultAuthenticationEventPublisher' (OnClassCondition)

   SecurityFilterAutoConfiguration:
      Did not match:
         - @ConditionalOnClass did not find required class 'org.springframework.security.config.http.SessionCreationPolicy' (OnClassCondition)

   SendGridAutoConfiguration:
      Did not match:
         - @ConditionalOnClass did not find required class 'com.sendgrid.SendGrid' (OnClassCondition)

   ServletWebServerFactoryAutoConfiguration.ForwardedHeaderFilterConfiguration:
      Did not match:
         - @ConditionalOnProperty (server.forward-headers-strategy=framework) did not find property 'server.forward-headers-strategy' (OnPropertyCondition)

   ServletWebServerFactoryConfiguration.EmbeddedJetty:
      Did not match:
         - @ConditionalOnClass did not find required classes 'org.eclipse.jetty.server.Server', 'org.eclipse.jetty.util.Loader', 'org.eclipse.jetty.ee10.webapp.WebAppContext' (OnClassCondition)

   ServletWebServerFactoryConfiguration.EmbeddedUndertow:
      Did not match:
         - @ConditionalOnClass did not find required classes 'io.undertow.Undertow', 'org.xnio.SslClientAuthMode' (OnClassCondition)

   SessionAutoConfiguration:
      Did not match:
         - @ConditionalOnClass did not find required class 'org.springframework.session.Session' (OnClassCondition)

   SpringApplicationAdminJmxAutoConfiguration:
      Did not match:
         - @ConditionalOnBooleanProperty (spring.application.admin.enabled=true) did not find property 'spring.application.admin.enabled' (OnPropertyCondition)

   TaskExecutorConfigurations.SimpleAsyncTaskExecutorBuilderConfiguration#simpleAsyncTaskExecutorBuilderVirtualThreads:
      Did not match:
         - @ConditionalOnMissingBean (types: org.springframework.boot.task.SimpleAsyncTaskExecutorBuilder; SearchStrategy: all) found beans of type 'org.springframework.boot.task.SimpleAsyncTaskExecutorBuilder' simpleAsyncTaskExecutorBuilder (OnBeanCondition)

   TaskExecutorConfigurations.TaskExecutorConfiguration#applicationTaskExecutorVirtualThreads:
      Did not match:
         - @ConditionalOnThreading did not find VIRTUAL (OnThreadingCondition)

   TaskSchedulingAutoConfiguration#scheduledBeanLazyInitializationExcludeFilter:
      Did not match:
         - @ConditionalOnBean (names: org.springframework.context.annotation.internalScheduledAnnotationProcessor; SearchStrategy: all) did not find any beans named org.springframework.context.annotation.internalScheduledAnnotationProcessor (OnBeanCondition)

   TaskSchedulingConfigurations.SimpleAsyncTaskSchedulerBuilderConfiguration#simpleAsyncTaskSchedulerBuilderVirtualThreads:
      Did not match:
         - @ConditionalOnMissingBean (types: org.springframework.boot.task.SimpleAsyncTaskSchedulerBuilder; SearchStrategy: all) found beans of type 'org.springframework.boot.task.SimpleAsyncTaskSchedulerBuilder' simpleAsyncTaskSchedulerBuilder (OnBeanCondition)

   TaskSchedulingConfigurations.TaskSchedulerConfiguration:
      Did not match:
         - @ConditionalOnBean (names: org.springframework.context.annotation.internalScheduledAnnotationProcessor; SearchStrategy: all) did not find any beans named org.springframework.context.annotation.internalScheduledAnnotationProcessor (OnBeanCondition)

   ThymeleafAutoConfiguration:
      Did not match:
         - @ConditionalOnClass did not find required class 'org.thymeleaf.spring6.SpringTemplateEngine' (OnClassCondition)

   TransactionAutoConfiguration#transactionalOperator:
      Did not match:
         - @ConditionalOnSingleCandidate (types: org.springframework.transaction.ReactiveTransactionManager; SearchStrategy: all) did not find any beans (OnBeanCondition)

   TransactionAutoConfiguration.AspectJTransactionManagementConfiguration:
      Did not match:
         - @ConditionalOnBean (types: org.springframework.transaction.aspectj.AbstractTransactionAspect; SearchStrategy: all) did not find any beans of type org.springframework.transaction.aspectj.AbstractTransactionAspect (OnBeanCondition)

   TransactionAutoConfiguration.EnableTransactionManagementConfiguration.JdkDynamicAutoProxyConfiguration:
      Did not match:
         - @ConditionalOnBooleanProperty (spring.aop.proxy-target-class=false) did not find property 'spring.aop.proxy-target-class' (OnPropertyCondition)

   UserDetailsServiceAutoConfiguration:
      Did not match:
         - @ConditionalOnClass did not find required class 'org.springframework.security.authentication.AuthenticationManager' (OnClassCondition)

   WebClientAutoConfiguration:
      Did not match:
         - @ConditionalOnClass did not find required class 'org.springframework.web.reactive.function.client.WebClient' (OnClassCondition)

   WebFluxAutoConfiguration:
      Did not match:
         - @ConditionalOnClass did not find required class 'org.springframework.web.reactive.config.WebFluxConfigurer' (OnClassCondition)

   WebMvcAutoConfiguration#hiddenHttpMethodFilter:
      Did not match:
         - @ConditionalOnBooleanProperty (spring.mvc.hiddenmethod.filter.enabled=true) did not find property 'spring.mvc.hiddenmethod.filter.enabled' (OnPropertyCondition)

   WebMvcAutoConfiguration.ProblemDetailsErrorHandlingConfiguration:
      Did not match:
         - @ConditionalOnBooleanProperty (spring.mvc.problemdetails.enabled=true) did not find property 'spring.mvc.problemdetails.enabled' (OnPropertyCondition)

   WebMvcAutoConfiguration.ResourceChainCustomizerConfiguration:
      Did not match:
         - @ConditionalOnEnabledResourceChain did not find class org.webjars.WebJarVersionLocator (OnEnabledResourceChainCondition)

   WebMvcAutoConfiguration.WebMvcAutoConfigurationAdapter#beanNameViewResolver:
      Did not match:
         - @ConditionalOnMissingBean (types: org.springframework.web.servlet.view.BeanNameViewResolver; SearchStrategy: all) found beans of type 'org.springframework.web.servlet.view.BeanNameViewResolver' beanNameViewResolver (OnBeanCondition)

   WebServiceTemplateAutoConfiguration:
      Did not match:
         - @ConditionalOnClass did not find required class 'org.springframework.oxm.Marshaller' (OnClassCondition)

   WebServicesAutoConfiguration:
      Did not match:
         - @ConditionalOnClass did not find required class 'org.springframework.ws.transport.http.MessageDispatcherServlet' (OnClassCondition)

   WebSessionIdResolverAutoConfiguration:
      Did not match:
         - @ConditionalOnClass did not find required class 'reactor.core.publisher.Mono' (OnClassCondition)

   WebSocketMessagingAutoConfiguration:
      Did not match:
         - @ConditionalOnClass did not find required class 'org.springframework.web.socket.config.annotation.WebSocketMessageBrokerConfigurer' (OnClassCondition)

   WebSocketReactiveAutoConfiguration:
      Did not match:
         - @ConditionalOnWebApplication did not find reactive web application classes (OnWebApplicationCondition)

   WebSocketServletAutoConfiguration.JettyWebSocketConfiguration:
      Did not match:
         - @ConditionalOnClass did not find required class 'org.eclipse.jetty.ee10.websocket.jakarta.server.config.JakartaWebSocketServletContainerInitializer' (OnClassCondition)

   WebSocketServletAutoConfiguration.UndertowWebSocketConfiguration:
      Did not match:
         - @ConditionalOnClass did not find required class 'io.undertow.websockets.jsr.Bootstrap' (OnClassCondition)

   XADataSourceAutoConfiguration:
      Did not match:
         - @ConditionalOnBean (types: org.springframework.boot.jdbc.XADataSourceWrapper; SearchStrategy: all) did not find any beans of type org.springframework.boot.jdbc.XADataSourceWrapper (OnBeanCondition)
      Matched:
         - @ConditionalOnClass found required classes 'javax.sql.DataSource', 'jakarta.transaction.TransactionManager', 'org.springframework.jdbc.datasource.embedded.EmbeddedDatabaseType' (OnClassCondition)


Exclusions:
-----------

    None


Unconditional classes:
----------------------

    org.springframework.boot.autoconfigure.context.ConfigurationPropertiesAutoConfiguration

    org.springframework.boot.autoconfigure.ssl.SslAutoConfiguration

    org.springframework.boot.autoconfigure.context.LifecycleAutoConfiguration

    org.springframework.boot.autoconfigure.context.PropertyPlaceholderAutoConfiguration

    org.springframework.boot.autoconfigure.availability.ApplicationAvailabilityAutoConfiguration

    org.springframework.boot.autoconfigure.info.ProjectInfoAutoConfiguration



2026-07-08T15:58:29.828+09:00  INFO 18484 --- [kiosk-sim] [           main] c.example.kiosksim.KioskSimApplication   : Started KioskSimApplication in 3.21 seconds (process running for 3.544)
2026-07-08T15:58:29.829+09:00 DEBUG 18484 --- [kiosk-sim] [           main] o.s.b.a.ApplicationAvailabilityBean      : Application availability state LivenessState changed to CORRECT
2026-07-08T15:58:29.831+09:00 DEBUG 18484 --- [kiosk-sim] [           main] o.s.b.a.ApplicationAvailabilityBean      : Application availability state ReadinessState changed to ACCEPTING_TRAFFIC
2026-07-08T15:58:44.478+09:00  INFO 18484 --- [kiosk-sim] [.0-18080-exec-1] o.a.c.c.C.[Tomcat].[localhost].[/]       : Initializing Spring DispatcherServlet 'dispatcherServlet'
2026-07-08T15:58:44.483+09:00  INFO 18484 --- [kiosk-sim] [.0-18080-exec-1] o.s.web.servlet.DispatcherServlet        : Initializing Servlet 'dispatcherServlet'
2026-07-08T15:58:44.484+09:00 DEBUG 18484 --- [kiosk-sim] [.0-18080-exec-1] o.s.web.servlet.DispatcherServlet        : Detected StandardServletMultipartResolver
2026-07-08T15:58:44.484+09:00 DEBUG 18484 --- [kiosk-sim] [.0-18080-exec-1] o.s.web.servlet.DispatcherServlet        : Detected AcceptHeaderLocaleResolver
2026-07-08T15:58:44.484+09:00 DEBUG 18484 --- [kiosk-sim] [.0-18080-exec-1] o.s.web.servlet.DispatcherServlet        : Detected FixedThemeResolver
2026-07-08T15:58:44.484+09:00 DEBUG 18484 --- [kiosk-sim] [.0-18080-exec-1] o.s.web.servlet.DispatcherServlet        : Detected org.springframework.web.servlet.view.DefaultRequestToViewNameTranslator@72115c48
2026-07-08T15:58:44.485+09:00 DEBUG 18484 --- [kiosk-sim] [.0-18080-exec-1] o.s.web.servlet.DispatcherServlet        : Detected org.springframework.web.servlet.support.SessionFlashMapManager@2e3b4394
2026-07-08T15:58:44.485+09:00 DEBUG 18484 --- [kiosk-sim] [.0-18080-exec-1] o.s.web.servlet.DispatcherServlet        : enableLoggingRequestDetails='false': request parameters and headers will be masked to prevent unsafe logging of potentially sensitive data
2026-07-08T15:58:44.485+09:00  INFO 18484 --- [kiosk-sim] [.0-18080-exec-1] o.s.web.servlet.DispatcherServlet        : Completed initialization in 2 ms
2026-07-08T15:58:44.501+09:00 DEBUG 18484 --- [kiosk-sim] [.0-18080-exec-1] o.s.web.servlet.DispatcherServlet        : GET "/api/catalog", parameters={}
2026-07-08T15:58:44.507+09:00 DEBUG 18484 --- [kiosk-sim] [.0-18080-exec-1] s.w.s.m.m.a.RequestMappingHandlerMapping : Mapped to com.example.kiosksim.controller.CatalogController#catalog()
2026-07-08T15:58:44.533+09:00 DEBUG 18484 --- [kiosk-sim] [.0-18080-exec-1] m.m.a.RequestResponseBodyMethodProcessor : Using 'application/json', given [*/*] and supported [application/json, application/*+json]
2026-07-08T15:58:44.538+09:00 DEBUG 18484 --- [kiosk-sim] [.0-18080-exec-1] m.m.a.RequestResponseBodyMethodProcessor : Writing [CatalogResponse[products=[ProductResponse[id=1, categoryId=1, categoryName=아이스크림, name=싱글레귤러, basePr (truncated)...]
2026-07-08T15:58:44.552+09:00 DEBUG 18484 --- [kiosk-sim] [.0-18080-exec-1] o.s.web.servlet.DispatcherServlet        : Completed 200 OK
2026-07-08T15:59:33.521+09:00 DEBUG 18484 --- [kiosk-sim] [.0-18080-exec-3] o.s.web.servlet.DispatcherServlet        : GET "/api/catalog", parameters={}
2026-07-08T15:59:33.527+09:00 DEBUG 18484 --- [kiosk-sim] [.0-18080-exec-3] s.w.s.m.m.a.RequestMappingHandlerMapping : Mapped to com.example.kiosksim.controller.CatalogController#catalog()
2026-07-08T15:59:33.528+09:00 DEBUG 18484 --- [kiosk-sim] [.0-18080-exec-3] m.m.a.RequestResponseBodyMethodProcessor : Using 'application/json', given [*/*] and supported [application/json, application/*+json]
2026-07-08T15:59:33.529+09:00 DEBUG 18484 --- [kiosk-sim] [.0-18080-exec-3] m.m.a.RequestResponseBodyMethodProcessor : Writing [CatalogResponse[products=[ProductResponse[id=1, categoryId=1, categoryName=아이스크림, name=싱글레귤러, basePr (truncated)...]
2026-07-08T15:59:33.529+09:00 DEBUG 18484 --- [kiosk-sim] [.0-18080-exec-3] o.s.web.servlet.DispatcherServlet        : Completed 200 OK
2026-07-08T16:00:04.833+09:00 DEBUG 18484 --- [kiosk-sim] [.0-18080-exec-5] o.s.web.servlet.DispatcherServlet        : GET "/api/catalog", parameters={}
2026-07-08T16:00:04.833+09:00 DEBUG 18484 --- [kiosk-sim] [.0-18080-exec-5] s.w.s.m.m.a.RequestMappingHandlerMapping : Mapped to com.example.kiosksim.controller.CatalogController#catalog()
2026-07-08T16:00:04.834+09:00 DEBUG 18484 --- [kiosk-sim] [.0-18080-exec-5] m.m.a.RequestResponseBodyMethodProcessor : Using 'application/json', given [*/*] and supported [application/json, application/*+json]
2026-07-08T16:00:04.834+09:00 DEBUG 18484 --- [kiosk-sim] [.0-18080-exec-5] m.m.a.RequestResponseBodyMethodProcessor : Writing [CatalogResponse[products=[ProductResponse[id=1, categoryId=1, categoryName=아이스크림, name=싱글레귤러, basePr (truncated)...]
2026-07-08T16:00:04.835+09:00 DEBUG 18484 --- [kiosk-sim] [.0-18080-exec-5] o.s.web.servlet.DispatcherServlet        : Completed 200 OK
2026-07-08T16:00:07.335+09:00 DEBUG 18484 --- [kiosk-sim] [.0-18080-exec-7] o.s.web.servlet.DispatcherServlet        : GET "/api/catalog", parameters={}
2026-07-08T16:00:07.335+09:00 DEBUG 18484 --- [kiosk-sim] [.0-18080-exec-7] s.w.s.m.m.a.RequestMappingHandlerMapping : Mapped to com.example.kiosksim.controller.CatalogController#catalog()
2026-07-08T16:00:07.336+09:00 DEBUG 18484 --- [kiosk-sim] [.0-18080-exec-7] m.m.a.RequestResponseBodyMethodProcessor : Using 'application/json', given [*/*] and supported [application/json, application/*+json]
2026-07-08T16:00:07.336+09:00 DEBUG 18484 --- [kiosk-sim] [.0-18080-exec-7] m.m.a.RequestResponseBodyMethodProcessor : Writing [CatalogResponse[products=[ProductResponse[id=1, categoryId=1, categoryName=아이스크림, name=싱글레귤러, basePr (truncated)...]
2026-07-08T16:00:07.338+09:00 DEBUG 18484 --- [kiosk-sim] [.0-18080-exec-7] o.s.web.servlet.DispatcherServlet        : Completed 200 OK
2026-07-08T16:00:07.340+09:00 DEBUG 18484 --- [kiosk-sim] [.0-18080-exec-8] o.s.web.servlet.DispatcherServlet        : GET "/api/orders/tables", parameters={}
2026-07-08T16:00:07.342+09:00 DEBUG 18484 --- [kiosk-sim] [.0-18080-exec-8] s.w.s.m.m.a.RequestMappingHandlerMapping : Mapped to com.example.kiosksim.controller.OrderController#tables()
2026-07-08T16:00:07.394+09:00 DEBUG 18484 --- [kiosk-sim] [.0-18080-exec-8] org.hibernate.SQL                        : 
    select
        ko1_0.id,
        ko1_0.branch_id,
        ko1_0.discount_amount,
        ko1_0.final_amount,
        ko1_0.kiosk_id,
        ko1_0.order_no,
        ko1_0.order_type,
        ko1_0.ordered_at,
        ko1_0.original_amount,
        ko1_0.status,
        ko1_0.used_point,
        ko1_0.waiting_no 
    from
        orders ko1_0
Hibernate: 
    select
        ko1_0.id,
        ko1_0.branch_id,
        ko1_0.discount_amount,
        ko1_0.final_amount,
        ko1_0.kiosk_id,
        ko1_0.order_no,
        ko1_0.order_type,
        ko1_0.ordered_at,
        ko1_0.original_amount,
        ko1_0.status,
        ko1_0.used_point,
        ko1_0.waiting_no 
    from
        orders ko1_0
2026-07-08T16:00:07.588+09:00 DEBUG 18484 --- [kiosk-sim] [.0-18080-exec-8] org.hibernate.SQL                        : 
    select
        count(*) 
    from
        orders ko1_0
Hibernate: 
    select
        count(*) 
    from
        orders ko1_0
2026-07-08T16:00:07.592+09:00 DEBUG 18484 --- [kiosk-sim] [.0-18080-exec-8] org.hibernate.SQL                        : 
    select
        count(*) 
    from
        order_items oi1_0
Hibernate: 
    select
        count(*) 
    from
        order_items oi1_0
2026-07-08T16:00:07.594+09:00 DEBUG 18484 --- [kiosk-sim] [.0-18080-exec-8] org.hibernate.SQL                        : 
    select
        count(*) 
    from
        order_item_flavors oif1_0
Hibernate: 
    select
        count(*) 
    from
        order_item_flavors oif1_0
2026-07-08T16:00:07.596+09:00 DEBUG 18484 --- [kiosk-sim] [.0-18080-exec-8] org.hibernate.SQL                        : 
    select
        count(*) 
    from
        payments p1_0
Hibernate: 
    select
        count(*) 
    from
        payments p1_0
2026-07-08T16:00:07.598+09:00 DEBUG 18484 --- [kiosk-sim] [.0-18080-exec-8] m.m.a.RequestResponseBodyMethodProcessor : Using 'application/json', given [*/*] and supported [application/json, application/*+json]
2026-07-08T16:00:07.603+09:00 DEBUG 18484 --- [kiosk-sim] [.0-18080-exec-8] m.m.a.RequestResponseBodyMethodProcessor : Writing [TableSnapshotResponse[orders=[], orderCount=0, orderItemCount=0, orderItemFlavorCount=0, paymentCoun (truncated)...]
2026-07-08T16:00:07.607+09:00 DEBUG 18484 --- [kiosk-sim] [.0-18080-exec-8] o.s.web.servlet.DispatcherServlet        : Completed 200 OK
2026-07-08T16:00:07.630+09:00 DEBUG 18484 --- [kiosk-sim] [.0-18080-exec-9] o.s.web.servlet.DispatcherServlet        : GET "/api/catalog", parameters={}
2026-07-08T16:00:07.630+09:00 DEBUG 18484 --- [kiosk-sim] [.0-18080-exec-9] s.w.s.m.m.a.RequestMappingHandlerMapping : Mapped to com.example.kiosksim.controller.CatalogController#catalog()
2026-07-08T16:00:07.631+09:00 DEBUG 18484 --- [kiosk-sim] [.0-18080-exec-9] m.m.a.RequestResponseBodyMethodProcessor : Using 'application/json', given [*/*] and supported [application/json, application/*+json]
2026-07-08T16:00:07.631+09:00 DEBUG 18484 --- [kiosk-sim] [.0-18080-exec-9] m.m.a.RequestResponseBodyMethodProcessor : Writing [CatalogResponse[products=[ProductResponse[id=1, categoryId=1, categoryName=아이스크림, name=싱글레귤러, basePr (truncated)...]
2026-07-08T16:00:07.632+09:00 DEBUG 18484 --- [kiosk-sim] [.0-18080-exec-9] o.s.web.servlet.DispatcherServlet        : Completed 200 OK
2026-07-08T16:00:07.636+09:00 DEBUG 18484 --- [kiosk-sim] [0-18080-exec-10] o.s.web.servlet.DispatcherServlet        : GET "/api/orders/tables", parameters={}
2026-07-08T16:00:07.636+09:00 DEBUG 18484 --- [kiosk-sim] [0-18080-exec-10] s.w.s.m.m.a.RequestMappingHandlerMapping : Mapped to com.example.kiosksim.controller.OrderController#tables()
2026-07-08T16:00:07.638+09:00 DEBUG 18484 --- [kiosk-sim] [0-18080-exec-10] org.hibernate.SQL                        : 
    select
        ko1_0.id,
        ko1_0.branch_id,
        ko1_0.discount_amount,
        ko1_0.final_amount,
        ko1_0.kiosk_id,
        ko1_0.order_no,
        ko1_0.order_type,
        ko1_0.ordered_at,
        ko1_0.original_amount,
        ko1_0.status,
        ko1_0.used_point,
        ko1_0.waiting_no 
    from
        orders ko1_0
Hibernate: 
    select
        ko1_0.id,
        ko1_0.branch_id,
        ko1_0.discount_amount,
        ko1_0.final_amount,
        ko1_0.kiosk_id,
        ko1_0.order_no,
        ko1_0.order_type,
        ko1_0.ordered_at,
        ko1_0.original_amount,
        ko1_0.status,
        ko1_0.used_point,
        ko1_0.waiting_no 
    from
        orders ko1_0
2026-07-08T16:00:07.639+09:00 DEBUG 18484 --- [kiosk-sim] [0-18080-exec-10] org.hibernate.SQL                        : 
    select
        count(*) 
    from
        orders ko1_0
Hibernate: 
    select
        count(*) 
    from
        orders ko1_0
2026-07-08T16:00:07.639+09:00 DEBUG 18484 --- [kiosk-sim] [0-18080-exec-10] org.hibernate.SQL                        : 
    select
        count(*) 
    from
        order_items oi1_0
Hibernate: 
    select
        count(*) 
    from
        order_items oi1_0
2026-07-08T16:00:07.640+09:00 DEBUG 18484 --- [kiosk-sim] [0-18080-exec-10] org.hibernate.SQL                        : 
    select
        count(*) 
    from
        order_item_flavors oif1_0
Hibernate: 
    select
        count(*) 
    from
        order_item_flavors oif1_0
2026-07-08T16:00:07.640+09:00 DEBUG 18484 --- [kiosk-sim] [0-18080-exec-10] org.hibernate.SQL                        : 
    select
        count(*) 
    from
        payments p1_0
Hibernate: 
    select
        count(*) 
    from
        payments p1_0
2026-07-08T16:00:07.640+09:00 DEBUG 18484 --- [kiosk-sim] [0-18080-exec-10] m.m.a.RequestResponseBodyMethodProcessor : Using 'application/json', given [*/*] and supported [application/json, application/*+json]
2026-07-08T16:00:07.640+09:00 DEBUG 18484 --- [kiosk-sim] [0-18080-exec-10] m.m.a.RequestResponseBodyMethodProcessor : Writing [TableSnapshotResponse[orders=[], orderCount=0, orderItemCount=0, orderItemFlavorCount=0, paymentCoun (truncated)...]
2026-07-08T16:00:07.642+09:00 DEBUG 18484 --- [kiosk-sim] [0-18080-exec-10] o.s.web.servlet.DispatcherServlet        : Completed 200 OK
2026-07-08T16:00:08.101+09:00 DEBUG 18484 --- [kiosk-sim] [.0-18080-exec-1] o.s.web.servlet.DispatcherServlet        : GET "/api/catalog", parameters={}
2026-07-08T16:00:08.107+09:00 DEBUG 18484 --- [kiosk-sim] [.0-18080-exec-1] s.w.s.m.m.a.RequestMappingHandlerMapping : Mapped to com.example.kiosksim.controller.CatalogController#catalog()
2026-07-08T16:00:08.108+09:00 DEBUG 18484 --- [kiosk-sim] [.0-18080-exec-1] m.m.a.RequestResponseBodyMethodProcessor : Using 'application/json', given [*/*] and supported [application/json, application/*+json]
2026-07-08T16:00:08.108+09:00 DEBUG 18484 --- [kiosk-sim] [.0-18080-exec-1] m.m.a.RequestResponseBodyMethodProcessor : Writing [CatalogResponse[products=[ProductResponse[id=1, categoryId=1, categoryName=아이스크림, name=싱글레귤러, basePr (truncated)...]
2026-07-08T16:00:08.109+09:00 DEBUG 18484 --- [kiosk-sim] [.0-18080-exec-1] o.s.web.servlet.DispatcherServlet        : Completed 200 OK
2026-07-08T16:00:08.112+09:00 DEBUG 18484 --- [kiosk-sim] [.0-18080-exec-2] o.s.web.servlet.DispatcherServlet        : GET "/api/orders/tables", parameters={}
2026-07-08T16:00:08.112+09:00 DEBUG 18484 --- [kiosk-sim] [.0-18080-exec-2] s.w.s.m.m.a.RequestMappingHandlerMapping : Mapped to com.example.kiosksim.controller.OrderController#tables()
2026-07-08T16:00:08.113+09:00 DEBUG 18484 --- [kiosk-sim] [.0-18080-exec-2] org.hibernate.SQL                        : 
    select
        ko1_0.id,
        ko1_0.branch_id,
        ko1_0.discount_amount,
        ko1_0.final_amount,
        ko1_0.kiosk_id,
        ko1_0.order_no,
        ko1_0.order_type,
        ko1_0.ordered_at,
        ko1_0.original_amount,
        ko1_0.status,
        ko1_0.used_point,
        ko1_0.waiting_no 
    from
        orders ko1_0
Hibernate: 
    select
        ko1_0.id,
        ko1_0.branch_id,
        ko1_0.discount_amount,
        ko1_0.final_amount,
        ko1_0.kiosk_id,
        ko1_0.order_no,
        ko1_0.order_type,
        ko1_0.ordered_at,
        ko1_0.original_amount,
        ko1_0.status,
        ko1_0.used_point,
        ko1_0.waiting_no 
    from
        orders ko1_0
2026-07-08T16:00:08.114+09:00 DEBUG 18484 --- [kiosk-sim] [.0-18080-exec-2] org.hibernate.SQL                        : 
    select
        count(*) 
    from
        orders ko1_0
Hibernate: 
    select
        count(*) 
    from
        orders ko1_0
2026-07-08T16:00:08.115+09:00 DEBUG 18484 --- [kiosk-sim] [.0-18080-exec-2] org.hibernate.SQL                        : 
    select
        count(*) 
    from
        order_items oi1_0
Hibernate: 
    select
        count(*) 
    from
        order_items oi1_0
2026-07-08T16:00:08.115+09:00 DEBUG 18484 --- [kiosk-sim] [.0-18080-exec-2] org.hibernate.SQL                        : 
    select
        count(*) 
    from
        order_item_flavors oif1_0
Hibernate: 
    select
        count(*) 
    from
        order_item_flavors oif1_0
2026-07-08T16:00:08.116+09:00 DEBUG 18484 --- [kiosk-sim] [.0-18080-exec-2] org.hibernate.SQL                        : 
    select
        count(*) 
    from
        payments p1_0
Hibernate: 
    select
        count(*) 
    from
        payments p1_0
2026-07-08T16:00:08.117+09:00 DEBUG 18484 --- [kiosk-sim] [.0-18080-exec-2] m.m.a.RequestResponseBodyMethodProcessor : Using 'application/json', given [*/*] and supported [application/json, application/*+json]
2026-07-08T16:00:08.117+09:00 DEBUG 18484 --- [kiosk-sim] [.0-18080-exec-2] m.m.a.RequestResponseBodyMethodProcessor : Writing [TableSnapshotResponse[orders=[], orderCount=0, orderItemCount=0, orderItemFlavorCount=0, paymentCoun (truncated)...]
2026-07-08T16:00:08.118+09:00 DEBUG 18484 --- [kiosk-sim] [.0-18080-exec-2] o.s.web.servlet.DispatcherServlet        : Completed 200 OK
2026-07-08T16:00:17.154+09:00 DEBUG 18484 --- [kiosk-sim] [.0-18080-exec-3] o.s.web.servlet.DispatcherServlet        : GET "/api/catalog", parameters={}
2026-07-08T16:00:17.161+09:00 DEBUG 18484 --- [kiosk-sim] [.0-18080-exec-3] s.w.s.m.m.a.RequestMappingHandlerMapping : Mapped to com.example.kiosksim.controller.CatalogController#catalog()
2026-07-08T16:00:17.162+09:00 DEBUG 18484 --- [kiosk-sim] [.0-18080-exec-3] m.m.a.RequestResponseBodyMethodProcessor : Using 'application/json', given [*/*] and supported [application/json, application/*+json]
2026-07-08T16:00:17.163+09:00 DEBUG 18484 --- [kiosk-sim] [.0-18080-exec-3] m.m.a.RequestResponseBodyMethodProcessor : Writing [CatalogResponse[products=[ProductResponse[id=1, categoryId=1, categoryName=아이스크림, name=싱글레귤러, basePr (truncated)...]
2026-07-08T16:00:17.165+09:00 DEBUG 18484 --- [kiosk-sim] [.0-18080-exec-3] o.s.web.servlet.DispatcherServlet        : Completed 200 OK
2026-07-08T16:00:17.173+09:00 DEBUG 18484 --- [kiosk-sim] [.0-18080-exec-4] o.s.web.servlet.DispatcherServlet        : GET "/api/orders/tables", parameters={}
2026-07-08T16:00:17.175+09:00 DEBUG 18484 --- [kiosk-sim] [.0-18080-exec-4] s.w.s.m.m.a.RequestMappingHandlerMapping : Mapped to com.example.kiosksim.controller.OrderController#tables()
2026-07-08T16:00:17.178+09:00 DEBUG 18484 --- [kiosk-sim] [.0-18080-exec-4] org.hibernate.SQL                        : 
    select
        ko1_0.id,
        ko1_0.branch_id,
        ko1_0.discount_amount,
        ko1_0.final_amount,
        ko1_0.kiosk_id,
        ko1_0.order_no,
        ko1_0.order_type,
        ko1_0.ordered_at,
        ko1_0.original_amount,
        ko1_0.status,
        ko1_0.used_point,
        ko1_0.waiting_no 
    from
        orders ko1_0
Hibernate: 
    select
        ko1_0.id,
        ko1_0.branch_id,
        ko1_0.discount_amount,
        ko1_0.final_amount,
        ko1_0.kiosk_id,
        ko1_0.order_no,
        ko1_0.order_type,
        ko1_0.ordered_at,
        ko1_0.original_amount,
        ko1_0.status,
        ko1_0.used_point,
        ko1_0.waiting_no 
    from
        orders ko1_0
2026-07-08T16:00:17.181+09:00 DEBUG 18484 --- [kiosk-sim] [.0-18080-exec-4] org.hibernate.SQL                        : 
    select
        count(*) 
    from
        orders ko1_0
Hibernate: 
    select
        count(*) 
    from
        orders ko1_0
2026-07-08T16:00:17.184+09:00 DEBUG 18484 --- [kiosk-sim] [.0-18080-exec-4] org.hibernate.SQL                        : 
    select
        count(*) 
    from
        order_items oi1_0
Hibernate: 
    select
        count(*) 
    from
        order_items oi1_0
2026-07-08T16:00:17.185+09:00 DEBUG 18484 --- [kiosk-sim] [.0-18080-exec-4] org.hibernate.SQL                        : 
    select
        count(*) 
    from
        order_item_flavors oif1_0
Hibernate: 
    select
        count(*) 
    from
        order_item_flavors oif1_0
2026-07-08T16:00:17.186+09:00 DEBUG 18484 --- [kiosk-sim] [.0-18080-exec-4] org.hibernate.SQL                        : 
    select
        count(*) 
    from
        payments p1_0
Hibernate: 
    select
        count(*) 
    from
        payments p1_0
2026-07-08T16:00:17.187+09:00 DEBUG 18484 --- [kiosk-sim] [.0-18080-exec-4] m.m.a.RequestResponseBodyMethodProcessor : Using 'application/json', given [*/*] and supported [application/json, application/*+json]
2026-07-08T16:00:17.188+09:00 DEBUG 18484 --- [kiosk-sim] [.0-18080-exec-4] m.m.a.RequestResponseBodyMethodProcessor : Writing [TableSnapshotResponse[orders=[], orderCount=0, orderItemCount=0, orderItemFlavorCount=0, paymentCoun (truncated)...]
2026-07-08T16:00:17.189+09:00 DEBUG 18484 --- [kiosk-sim] [.0-18080-exec-4] o.s.web.servlet.DispatcherServlet        : Completed 200 OK
2026-07-08T16:00:28.174+09:00 DEBUG 18484 --- [kiosk-sim] [.0-18080-exec-5] o.s.web.servlet.DispatcherServlet        : GET "/api/catalog", parameters={}
2026-07-08T16:00:28.180+09:00 DEBUG 18484 --- [kiosk-sim] [.0-18080-exec-5] s.w.s.m.m.a.RequestMappingHandlerMapping : Mapped to com.example.kiosksim.controller.CatalogController#catalog()
2026-07-08T16:00:28.181+09:00 DEBUG 18484 --- [kiosk-sim] [.0-18080-exec-5] m.m.a.RequestResponseBodyMethodProcessor : Using 'application/json', given [*/*] and supported [application/json, application/*+json]
2026-07-08T16:00:28.181+09:00 DEBUG 18484 --- [kiosk-sim] [.0-18080-exec-5] m.m.a.RequestResponseBodyMethodProcessor : Writing [CatalogResponse[products=[ProductResponse[id=1, categoryId=1, categoryName=아이스크림, name=싱글레귤러, basePr (truncated)...]
2026-07-08T16:00:28.182+09:00 DEBUG 18484 --- [kiosk-sim] [.0-18080-exec-5] o.s.web.servlet.DispatcherServlet        : Completed 200 OK
2026-07-08T16:00:28.203+09:00 DEBUG 18484 --- [kiosk-sim] [.0-18080-exec-6] o.s.web.servlet.DispatcherServlet        : GET "/api/orders/tables", parameters={}
2026-07-08T16:00:28.204+09:00 DEBUG 18484 --- [kiosk-sim] [.0-18080-exec-6] s.w.s.m.m.a.RequestMappingHandlerMapping : Mapped to com.example.kiosksim.controller.OrderController#tables()
2026-07-08T16:00:28.205+09:00 DEBUG 18484 --- [kiosk-sim] [.0-18080-exec-6] org.hibernate.SQL                        : 
    select
        ko1_0.id,
        ko1_0.branch_id,
        ko1_0.discount_amount,
        ko1_0.final_amount,
        ko1_0.kiosk_id,
        ko1_0.order_no,
        ko1_0.order_type,
        ko1_0.ordered_at,
        ko1_0.original_amount,
        ko1_0.status,
        ko1_0.used_point,
        ko1_0.waiting_no 
    from
        orders ko1_0
Hibernate: 
    select
        ko1_0.id,
        ko1_0.branch_id,
        ko1_0.discount_amount,
        ko1_0.final_amount,
        ko1_0.kiosk_id,
        ko1_0.order_no,
        ko1_0.order_type,
        ko1_0.ordered_at,
        ko1_0.original_amount,
        ko1_0.status,
        ko1_0.used_point,
        ko1_0.waiting_no 
    from
        orders ko1_0
2026-07-08T16:00:28.205+09:00 DEBUG 18484 --- [kiosk-sim] [.0-18080-exec-6] org.hibernate.SQL                        : 
    select
        count(*) 
    from
        orders ko1_0
Hibernate: 
    select
        count(*) 
    from
        orders ko1_0
2026-07-08T16:00:28.206+09:00 DEBUG 18484 --- [kiosk-sim] [.0-18080-exec-6] org.hibernate.SQL                        : 
    select
        count(*) 
    from
        order_items oi1_0
Hibernate: 
    select
        count(*) 
    from
        order_items oi1_0
2026-07-08T16:00:28.207+09:00 DEBUG 18484 --- [kiosk-sim] [.0-18080-exec-6] org.hibernate.SQL                        : 
    select
        count(*) 
    from
        order_item_flavors oif1_0
Hibernate: 
    select
        count(*) 
    from
        order_item_flavors oif1_0
2026-07-08T16:00:28.208+09:00 DEBUG 18484 --- [kiosk-sim] [.0-18080-exec-6] org.hibernate.SQL                        : 
    select
        count(*) 
    from
        payments p1_0
Hibernate: 
    select
        count(*) 
    from
        payments p1_0
2026-07-08T16:00:28.209+09:00 DEBUG 18484 --- [kiosk-sim] [.0-18080-exec-6] m.m.a.RequestResponseBodyMethodProcessor : Using 'application/json', given [*/*] and supported [application/json, application/*+json]
2026-07-08T16:00:28.209+09:00 DEBUG 18484 --- [kiosk-sim] [.0-18080-exec-6] m.m.a.RequestResponseBodyMethodProcessor : Writing [TableSnapshotResponse[orders=[], orderCount=0, orderItemCount=0, orderItemFlavorCount=0, paymentCoun (truncated)...]
2026-07-08T16:00:28.210+09:00 DEBUG 18484 --- [kiosk-sim] [.0-18080-exec-6] o.s.web.servlet.DispatcherServlet        : Completed 200 OK
2026-07-08T16:01:05.733+09:00 DEBUG 18484 --- [kiosk-sim] [.0-18080-exec-4] o.s.web.servlet.DispatcherServlet        : GET "/favicon.ico", parameters={}
2026-07-08T16:01:05.740+09:00 DEBUG 18484 --- [kiosk-sim] [.0-18080-exec-4] o.s.w.s.handler.SimpleUrlHandlerMapping  : Mapped to ResourceHttpRequestHandler [classpath [META-INF/resources/], classpath [resources/], classpath [static/], classpath [public/], ServletContext [/]]
2026-07-08T16:01:05.748+09:00 DEBUG 18484 --- [kiosk-sim] [.0-18080-exec-4] o.s.w.s.r.ResourceHttpRequestHandler     : Resource not found
2026-07-08T16:01:05.753+09:00 DEBUG 18484 --- [kiosk-sim] [.0-18080-exec-4] .w.s.m.s.DefaultHandlerExceptionResolver : Resolved [org.springframework.web.servlet.resource.NoResourceFoundException: No static resource favicon.ico.]
2026-07-08T16:01:05.757+09:00 DEBUG 18484 --- [kiosk-sim] [.0-18080-exec-4] o.s.web.servlet.DispatcherServlet        : Completed 404 NOT_FOUND
2026-07-08T16:01:05.775+09:00 DEBUG 18484 --- [kiosk-sim] [.0-18080-exec-4] o.s.web.servlet.DispatcherServlet        : "ERROR" dispatch for GET "/error", parameters={}
2026-07-08T16:01:05.778+09:00 DEBUG 18484 --- [kiosk-sim] [.0-18080-exec-4] s.w.s.m.m.a.RequestMappingHandlerMapping : Mapped to org.springframework.boot.autoconfigure.web.servlet.error.BasicErrorController#error(HttpServletRequest)
2026-07-08T16:01:05.787+09:00 DEBUG 18484 --- [kiosk-sim] [.0-18080-exec-4] o.s.w.s.m.m.a.HttpEntityMethodProcessor  : Using 'application/json;q=0.8', given [image/avif, image/webp, image/apng, image/svg+xml, image/*, */*;q=0.8] and supported [application/json, application/*+json]
2026-07-08T16:01:05.789+09:00 DEBUG 18484 --- [kiosk-sim] [.0-18080-exec-4] o.s.w.s.m.m.a.HttpEntityMethodProcessor  : Writing [{timestamp=Wed Jul 08 16:01:05 KST 2026, status=404, error=Not Found, path=/favicon.ico}]
2026-07-08T16:01:05.815+09:00 DEBUG 18484 --- [kiosk-sim] [.0-18080-exec-4] o.s.web.servlet.DispatcherServlet        : Exiting from "ERROR" dispatch, status 404
2026-07-08T16:01:37.665+09:00 DEBUG 18484 --- [kiosk-sim] [.0-18080-exec-1] o.s.web.servlet.DispatcherServlet        : POST "/api/orders/checkout", parameters={}
2026-07-08T16:01:37.672+09:00 DEBUG 18484 --- [kiosk-sim] [.0-18080-exec-1] s.w.s.m.m.a.RequestMappingHandlerMapping : Mapped to com.example.kiosksim.controller.OrderController#checkout(OrderDraftRequest)
2026-07-08T16:01:37.771+09:00 DEBUG 18484 --- [kiosk-sim] [.0-18080-exec-1] m.m.a.RequestResponseBodyMethodProcessor : Read "application/json;charset=UTF-8" to [OrderDraftRequest[branchId=1, kioskId=1, orderType=TAKEOUT, cartItems=[CartItemRequest[clientItemId= (truncated)...]
2026-07-08T16:01:37.866+09:00 DEBUG 18484 --- [kiosk-sim] [.0-18080-exec-1] org.hibernate.SQL                        : 
    select
        count(*) 
    from
        orders ko1_0
Hibernate: 
    select
        count(*) 
    from
        orders ko1_0
2026-07-08T16:01:37.930+09:00 DEBUG 18484 --- [kiosk-sim] [.0-18080-exec-1] org.hibernate.SQL                        : 
    insert 
    into
        orders
        (branch_id, discount_amount, final_amount, kiosk_id, order_no, order_type, ordered_at, original_amount, status, used_point, waiting_no, id) 
    values
        (?, ?, ?, ?, ?, ?, ?, ?, ?, ?, ?, default)
Hibernate: 
    insert 
    into
        orders
        (branch_id, discount_amount, final_amount, kiosk_id, order_no, order_type, ordered_at, original_amount, status, used_point, waiting_no, id) 
    values
        (?, ?, ?, ?, ?, ?, ?, ?, ?, ?, ?, default)
2026-07-08T16:01:37.950+09:00 DEBUG 18484 --- [kiosk-sim] [.0-18080-exec-1] org.hibernate.SQL                        : 
    insert 
    into
        order_items
        (container_type, dry_ice_minutes, line_total, order_id, product_id, product_name_snapshot, quantity, spoon_count, unit_price, id) 
    values
        (?, ?, ?, ?, ?, ?, ?, ?, ?, default)
Hibernate: 
    insert 
    into
        order_items
        (container_type, dry_ice_minutes, line_total, order_id, product_id, product_name_snapshot, quantity, spoon_count, unit_price, id) 
    values
        (?, ?, ?, ?, ?, ?, ?, ?, ?, default)
2026-07-08T16:01:37.951+09:00 DEBUG 18484 --- [kiosk-sim] [.0-18080-exec-1] org.hibernate.SQL                        : 
    insert 
    into
        order_items
        (container_type, dry_ice_minutes, line_total, order_id, product_id, product_name_snapshot, quantity, spoon_count, unit_price, id) 
    values
        (?, ?, ?, ?, ?, ?, ?, ?, ?, default)
Hibernate: 
    insert 
    into
        order_items
        (container_type, dry_ice_minutes, line_total, order_id, product_id, product_name_snapshot, quantity, spoon_count, unit_price, id) 
    values
        (?, ?, ?, ?, ?, ?, ?, ?, ?, default)
2026-07-08T16:01:37.953+09:00 DEBUG 18484 --- [kiosk-sim] [.0-18080-exec-1] org.hibernate.SQL                        : 
    insert 
    into
        order_item_flavors
        (flavor_id, flavor_name_snapshot, order_item_id, quantity, select_order, id) 
    values
        (?, ?, ?, ?, ?, default)
Hibernate: 
    insert 
    into
        order_item_flavors
        (flavor_id, flavor_name_snapshot, order_item_id, quantity, select_order, id) 
    values
        (?, ?, ?, ?, ?, default)
2026-07-08T16:01:37.958+09:00 DEBUG 18484 --- [kiosk-sim] [.0-18080-exec-1] org.hibernate.SQL                        : 
    insert 
    into
        order_item_flavors
        (flavor_id, flavor_name_snapshot, order_item_id, quantity, select_order, id) 
    values
        (?, ?, ?, ?, ?, default)
Hibernate: 
    insert 
    into
        order_item_flavors
        (flavor_id, flavor_name_snapshot, order_item_id, quantity, select_order, id) 
    values
        (?, ?, ?, ?, ?, default)
2026-07-08T16:01:37.961+09:00 DEBUG 18484 --- [kiosk-sim] [.0-18080-exec-1] org.hibernate.SQL                        : 
    insert 
    into
        order_item_flavors
        (flavor_id, flavor_name_snapshot, order_item_id, quantity, select_order, id) 
    values
        (?, ?, ?, ?, ?, default)
Hibernate: 
    insert 
    into
        order_item_flavors
        (flavor_id, flavor_name_snapshot, order_item_id, quantity, select_order, id) 
    values
        (?, ?, ?, ?, ?, default)
2026-07-08T16:01:37.964+09:00 DEBUG 18484 --- [kiosk-sim] [.0-18080-exec-1] org.hibernate.SQL                        : 
    insert 
    into
        order_item_flavors
        (flavor_id, flavor_name_snapshot, order_item_id, quantity, select_order, id) 
    values
        (?, ?, ?, ?, ?, default)
Hibernate: 
    insert 
    into
        order_item_flavors
        (flavor_id, flavor_name_snapshot, order_item_id, quantity, select_order, id) 
    values
        (?, ?, ?, ?, ?, default)
2026-07-08T16:01:37.968+09:00 DEBUG 18484 --- [kiosk-sim] [.0-18080-exec-1] org.hibernate.SQL                        : 
    insert 
    into
        order_item_flavors
        (flavor_id, flavor_name_snapshot, order_item_id, quantity, select_order, id) 
    values
        (?, ?, ?, ?, ?, default)
Hibernate: 
    insert 
    into
        order_item_flavors
        (flavor_id, flavor_name_snapshot, order_item_id, quantity, select_order, id) 
    values
        (?, ?, ?, ?, ?, default)
2026-07-08T16:01:37.973+09:00 DEBUG 18484 --- [kiosk-sim] [.0-18080-exec-1] org.hibernate.SQL                        : 
    insert 
    into
        payments
        (order_id, paid_amount, paid_at, payment_method, qr_expires_at, qr_token, status, id) 
    values
        (?, ?, ?, ?, ?, ?, ?, default)
Hibernate: 
    insert 
    into
        payments
        (order_id, paid_amount, paid_at, payment_method, qr_expires_at, qr_token, status, id) 
    values
        (?, ?, ?, ?, ?, ?, ?, default)
2026-07-08T16:01:38.019+09:00 DEBUG 18484 --- [kiosk-sim] [.0-18080-exec-1] org.hibernate.SQL                        : 
    select
        oi1_0.id,
        oi1_0.container_type,
        oi1_0.dry_ice_minutes,
        oi1_0.line_total,
        oi1_0.order_id,
        oi1_0.product_id,
        oi1_0.product_name_snapshot,
        oi1_0.quantity,
        oi1_0.spoon_count,
        oi1_0.unit_price 
    from
        order_items oi1_0 
    where
        oi1_0.order_id=?
Hibernate: 
    select
        oi1_0.id,
        oi1_0.container_type,
        oi1_0.dry_ice_minutes,
        oi1_0.line_total,
        oi1_0.order_id,
        oi1_0.product_id,
        oi1_0.product_name_snapshot,
        oi1_0.quantity,
        oi1_0.spoon_count,
        oi1_0.unit_price 
    from
        order_items oi1_0 
    where
        oi1_0.order_id=?
2026-07-08T16:01:38.031+09:00 DEBUG 18484 --- [kiosk-sim] [.0-18080-exec-1] org.hibernate.SQL                        : 
    select
        oif1_0.id,
        oif1_0.flavor_id,
        oif1_0.flavor_name_snapshot,
        oif1_0.order_item_id,
        oif1_0.quantity,
        oif1_0.select_order 
    from
        order_item_flavors oif1_0 
    where
        oif1_0.order_item_id=?
Hibernate: 
    select
        oif1_0.id,
        oif1_0.flavor_id,
        oif1_0.flavor_name_snapshot,
        oif1_0.order_item_id,
        oif1_0.quantity,
        oif1_0.select_order 
    from
        order_item_flavors oif1_0 
    where
        oif1_0.order_item_id=?
2026-07-08T16:01:38.038+09:00 DEBUG 18484 --- [kiosk-sim] [.0-18080-exec-1] org.hibernate.SQL                        : 
    select
        oif1_0.id,
        oif1_0.flavor_id,
        oif1_0.flavor_name_snapshot,
        oif1_0.order_item_id,
        oif1_0.quantity,
        oif1_0.select_order 
    from
        order_item_flavors oif1_0 
    where
        oif1_0.order_item_id=?
Hibernate: 
    select
        oif1_0.id,
        oif1_0.flavor_id,
        oif1_0.flavor_name_snapshot,
        oif1_0.order_item_id,
        oif1_0.quantity,
        oif1_0.select_order 
    from
        order_item_flavors oif1_0 
    where
        oif1_0.order_item_id=?
2026-07-08T16:01:38.040+09:00 DEBUG 18484 --- [kiosk-sim] [.0-18080-exec-1] org.hibernate.SQL                        : 
    select
        p1_0.id,
        p1_0.order_id,
        p1_0.paid_amount,
        p1_0.paid_at,
        p1_0.payment_method,
        p1_0.qr_expires_at,
        p1_0.qr_token,
        p1_0.status 
    from
        payments p1_0 
    where
        p1_0.order_id=?
Hibernate: 
    select
        p1_0.id,
        p1_0.order_id,
        p1_0.paid_amount,
        p1_0.paid_at,
        p1_0.payment_method,
        p1_0.qr_expires_at,
        p1_0.qr_token,
        p1_0.status 
    from
        payments p1_0 
    where
        p1_0.order_id=?
2026-07-08T16:01:38.055+09:00 DEBUG 18484 --- [kiosk-sim] [.0-18080-exec-1] m.m.a.RequestResponseBodyMethodProcessor : Using 'application/json', given [*/*] and supported [application/json, application/*+json]
2026-07-08T16:01:38.084+09:00 DEBUG 18484 --- [kiosk-sim] [.0-18080-exec-1] m.m.a.RequestResponseBodyMethodProcessor : Writing [OrderResponse[id=1, orderNo=ORD-2026-07-08-3BFF51EA, waitingNo=100, orderType=TAKEOUT, status=PAID,  (truncated)...]
2026-07-08T16:01:38.090+09:00 DEBUG 18484 --- [kiosk-sim] [.0-18080-exec-1] o.s.web.servlet.DispatcherServlet        : Completed 200 OK
2026-07-08T16:01:38.097+09:00 DEBUG 18484 --- [kiosk-sim] [.0-18080-exec-6] o.s.web.servlet.DispatcherServlet        : GET "/api/orders/tables", parameters={}
2026-07-08T16:01:38.098+09:00 DEBUG 18484 --- [kiosk-sim] [.0-18080-exec-6] s.w.s.m.m.a.RequestMappingHandlerMapping : Mapped to com.example.kiosksim.controller.OrderController#tables()
2026-07-08T16:01:38.100+09:00 DEBUG 18484 --- [kiosk-sim] [.0-18080-exec-6] org.hibernate.SQL                        : 
    select
        ko1_0.id,
        ko1_0.branch_id,
        ko1_0.discount_amount,
        ko1_0.final_amount,
        ko1_0.kiosk_id,
        ko1_0.order_no,
        ko1_0.order_type,
        ko1_0.ordered_at,
        ko1_0.original_amount,
        ko1_0.status,
        ko1_0.used_point,
        ko1_0.waiting_no 
    from
        orders ko1_0
Hibernate: 
    select
        ko1_0.id,
        ko1_0.branch_id,
        ko1_0.discount_amount,
        ko1_0.final_amount,
        ko1_0.kiosk_id,
        ko1_0.order_no,
        ko1_0.order_type,
        ko1_0.ordered_at,
        ko1_0.original_amount,
        ko1_0.status,
        ko1_0.used_point,
        ko1_0.waiting_no 
    from
        orders ko1_0
2026-07-08T16:01:38.106+09:00 DEBUG 18484 --- [kiosk-sim] [.0-18080-exec-6] org.hibernate.SQL                        : 
    select
        oi1_0.id,
        oi1_0.container_type,
        oi1_0.dry_ice_minutes,
        oi1_0.line_total,
        oi1_0.order_id,
        oi1_0.product_id,
        oi1_0.product_name_snapshot,
        oi1_0.quantity,
        oi1_0.spoon_count,
        oi1_0.unit_price 
    from
        order_items oi1_0 
    where
        oi1_0.order_id=?
Hibernate: 
    select
        oi1_0.id,
        oi1_0.container_type,
        oi1_0.dry_ice_minutes,
        oi1_0.line_total,
        oi1_0.order_id,
        oi1_0.product_id,
        oi1_0.product_name_snapshot,
        oi1_0.quantity,
        oi1_0.spoon_count,
        oi1_0.unit_price 
    from
        order_items oi1_0 
    where
        oi1_0.order_id=?
2026-07-08T16:01:38.108+09:00 DEBUG 18484 --- [kiosk-sim] [.0-18080-exec-6] org.hibernate.SQL                        : 
    select
        oif1_0.id,
        oif1_0.flavor_id,
        oif1_0.flavor_name_snapshot,
        oif1_0.order_item_id,
        oif1_0.quantity,
        oif1_0.select_order 
    from
        order_item_flavors oif1_0 
    where
        oif1_0.order_item_id=?
Hibernate: 
    select
        oif1_0.id,
        oif1_0.flavor_id,
        oif1_0.flavor_name_snapshot,
        oif1_0.order_item_id,
        oif1_0.quantity,
        oif1_0.select_order 
    from
        order_item_flavors oif1_0 
    where
        oif1_0.order_item_id=?
2026-07-08T16:01:38.110+09:00 DEBUG 18484 --- [kiosk-sim] [.0-18080-exec-6] org.hibernate.SQL                        : 
    select
        oif1_0.id,
        oif1_0.flavor_id,
        oif1_0.flavor_name_snapshot,
        oif1_0.order_item_id,
        oif1_0.quantity,
        oif1_0.select_order 
    from
        order_item_flavors oif1_0 
    where
        oif1_0.order_item_id=?
Hibernate: 
    select
        oif1_0.id,
        oif1_0.flavor_id,
        oif1_0.flavor_name_snapshot,
        oif1_0.order_item_id,
        oif1_0.quantity,
        oif1_0.select_order 
    from
        order_item_flavors oif1_0 
    where
        oif1_0.order_item_id=?
2026-07-08T16:01:38.112+09:00 DEBUG 18484 --- [kiosk-sim] [.0-18080-exec-6] org.hibernate.SQL                        : 
    select
        p1_0.id,
        p1_0.order_id,
        p1_0.paid_amount,
        p1_0.paid_at,
        p1_0.payment_method,
        p1_0.qr_expires_at,
        p1_0.qr_token,
        p1_0.status 
    from
        payments p1_0 
    where
        p1_0.order_id=?
Hibernate: 
    select
        p1_0.id,
        p1_0.order_id,
        p1_0.paid_amount,
        p1_0.paid_at,
        p1_0.payment_method,
        p1_0.qr_expires_at,
        p1_0.qr_token,
        p1_0.status 
    from
        payments p1_0 
    where
        p1_0.order_id=?
2026-07-08T16:01:38.114+09:00 DEBUG 18484 --- [kiosk-sim] [.0-18080-exec-6] org.hibernate.SQL                        : 
    select
        count(*) 
    from
        orders ko1_0
Hibernate: 
    select
        count(*) 
    from
        orders ko1_0
2026-07-08T16:01:38.116+09:00 DEBUG 18484 --- [kiosk-sim] [.0-18080-exec-6] org.hibernate.SQL                        : 
    select
        count(*) 
    from
        order_items oi1_0
Hibernate: 
    select
        count(*) 
    from
        order_items oi1_0
2026-07-08T16:01:38.117+09:00 DEBUG 18484 --- [kiosk-sim] [.0-18080-exec-6] org.hibernate.SQL                        : 
    select
        count(*) 
    from
        order_item_flavors oif1_0
Hibernate: 
    select
        count(*) 
    from
        order_item_flavors oif1_0
2026-07-08T16:01:38.118+09:00 DEBUG 18484 --- [kiosk-sim] [.0-18080-exec-6] org.hibernate.SQL                        : 
    select
        count(*) 
    from
        payments p1_0
Hibernate: 
    select
        count(*) 
    from
        payments p1_0
2026-07-08T16:01:38.120+09:00 DEBUG 18484 --- [kiosk-sim] [.0-18080-exec-6] m.m.a.RequestResponseBodyMethodProcessor : Using 'application/json', given [*/*] and supported [application/json, application/*+json]
2026-07-08T16:01:38.121+09:00 DEBUG 18484 --- [kiosk-sim] [.0-18080-exec-6] m.m.a.RequestResponseBodyMethodProcessor : Writing [TableSnapshotResponse[orders=[OrderResponse[id=1, orderNo=ORD-2026-07-08-3BFF51EA, waitingNo=100, or (truncated)...]
2026-07-08T16:01:38.122+09:00 DEBUG 18484 --- [kiosk-sim] [.0-18080-exec-6] o.s.web.servlet.DispatcherServlet        : Completed 200 OK
2026-07-08T16:02:08.420+09:00 DEBUG 18484 --- [kiosk-sim] [.0-18080-exec-8] o.s.web.servlet.DispatcherServlet        : POST "/api/orders/checkout", parameters={}
2026-07-08T16:02:08.426+09:00 DEBUG 18484 --- [kiosk-sim] [.0-18080-exec-8] s.w.s.m.m.a.RequestMappingHandlerMapping : Mapped to com.example.kiosksim.controller.OrderController#checkout(OrderDraftRequest)
2026-07-08T16:02:08.428+09:00 DEBUG 18484 --- [kiosk-sim] [.0-18080-exec-8] m.m.a.RequestResponseBodyMethodProcessor : Read "application/json;charset=UTF-8" to [OrderDraftRequest[branchId=1, kioskId=1, orderType=TAKEOUT, cartItems=[CartItemRequest[clientItemId= (truncated)...]
2026-07-08T16:02:08.434+09:00 DEBUG 18484 --- [kiosk-sim] [.0-18080-exec-8] org.hibernate.SQL                        : 
    select
        count(*) 
    from
        orders ko1_0
Hibernate: 
    select
        count(*) 
    from
        orders ko1_0
2026-07-08T16:02:08.437+09:00 DEBUG 18484 --- [kiosk-sim] [.0-18080-exec-8] org.hibernate.SQL                        : 
    insert 
    into
        orders
        (branch_id, discount_amount, final_amount, kiosk_id, order_no, order_type, ordered_at, original_amount, status, used_point, waiting_no, id) 
    values
        (?, ?, ?, ?, ?, ?, ?, ?, ?, ?, ?, default)
Hibernate: 
    insert 
    into
        orders
        (branch_id, discount_amount, final_amount, kiosk_id, order_no, order_type, ordered_at, original_amount, status, used_point, waiting_no, id) 
    values
        (?, ?, ?, ?, ?, ?, ?, ?, ?, ?, ?, default)
2026-07-08T16:02:08.440+09:00 DEBUG 18484 --- [kiosk-sim] [.0-18080-exec-8] org.hibernate.SQL                        : 
    insert 
    into
        order_items
        (container_type, dry_ice_minutes, line_total, order_id, product_id, product_name_snapshot, quantity, spoon_count, unit_price, id) 
    values
        (?, ?, ?, ?, ?, ?, ?, ?, ?, default)
Hibernate: 
    insert 
    into
        order_items
        (container_type, dry_ice_minutes, line_total, order_id, product_id, product_name_snapshot, quantity, spoon_count, unit_price, id) 
    values
        (?, ?, ?, ?, ?, ?, ?, ?, ?, default)
2026-07-08T16:02:08.443+09:00 DEBUG 18484 --- [kiosk-sim] [.0-18080-exec-8] org.hibernate.SQL                        : 
    insert 
    into
        order_item_flavors
        (flavor_id, flavor_name_snapshot, order_item_id, quantity, select_order, id) 
    values
        (?, ?, ?, ?, ?, default)
Hibernate: 
    insert 
    into
        order_item_flavors
        (flavor_id, flavor_name_snapshot, order_item_id, quantity, select_order, id) 
    values
        (?, ?, ?, ?, ?, default)
2026-07-08T16:02:08.448+09:00 DEBUG 18484 --- [kiosk-sim] [.0-18080-exec-8] org.hibernate.SQL                        : 
    insert 
    into
        order_items
        (container_type, dry_ice_minutes, line_total, order_id, product_id, product_name_snapshot, quantity, spoon_count, unit_price, id) 
    values
        (?, ?, ?, ?, ?, ?, ?, ?, ?, default)
Hibernate: 
    insert 
    into
        order_items
        (container_type, dry_ice_minutes, line_total, order_id, product_id, product_name_snapshot, quantity, spoon_count, unit_price, id) 
    values
        (?, ?, ?, ?, ?, ?, ?, ?, ?, default)
2026-07-08T16:02:08.450+09:00 DEBUG 18484 --- [kiosk-sim] [.0-18080-exec-8] org.hibernate.SQL                        : 
    insert 
    into
        order_item_flavors
        (flavor_id, flavor_name_snapshot, order_item_id, quantity, select_order, id) 
    values
        (?, ?, ?, ?, ?, default)
Hibernate: 
    insert 
    into
        order_item_flavors
        (flavor_id, flavor_name_snapshot, order_item_id, quantity, select_order, id) 
    values
        (?, ?, ?, ?, ?, default)
2026-07-08T16:02:08.451+09:00 DEBUG 18484 --- [kiosk-sim] [.0-18080-exec-8] org.hibernate.SQL                        : 
    insert 
    into
        order_item_flavors
        (flavor_id, flavor_name_snapshot, order_item_id, quantity, select_order, id) 
    values
        (?, ?, ?, ?, ?, default)
Hibernate: 
    insert 
    into
        order_item_flavors
        (flavor_id, flavor_name_snapshot, order_item_id, quantity, select_order, id) 
    values
        (?, ?, ?, ?, ?, default)
2026-07-08T16:02:08.452+09:00 DEBUG 18484 --- [kiosk-sim] [.0-18080-exec-8] org.hibernate.SQL                        : 
    insert 
    into
        order_item_flavors
        (flavor_id, flavor_name_snapshot, order_item_id, quantity, select_order, id) 
    values
        (?, ?, ?, ?, ?, default)
Hibernate: 
    insert 
    into
        order_item_flavors
        (flavor_id, flavor_name_snapshot, order_item_id, quantity, select_order, id) 
    values
        (?, ?, ?, ?, ?, default)
2026-07-08T16:02:08.455+09:00 DEBUG 18484 --- [kiosk-sim] [.0-18080-exec-8] org.hibernate.SQL                        : 
    insert 
    into
        order_item_flavors
        (flavor_id, flavor_name_snapshot, order_item_id, quantity, select_order, id) 
    values
        (?, ?, ?, ?, ?, default)
Hibernate: 
    insert 
    into
        order_item_flavors
        (flavor_id, flavor_name_snapshot, order_item_id, quantity, select_order, id) 
    values
        (?, ?, ?, ?, ?, default)
2026-07-08T16:02:08.458+09:00 DEBUG 18484 --- [kiosk-sim] [.0-18080-exec-8] org.hibernate.SQL                        : 
    insert 
    into
        payments
        (order_id, paid_amount, paid_at, payment_method, qr_expires_at, qr_token, status, id) 
    values
        (?, ?, ?, ?, ?, ?, ?, default)
Hibernate: 
    insert 
    into
        payments
        (order_id, paid_amount, paid_at, payment_method, qr_expires_at, qr_token, status, id) 
    values
        (?, ?, ?, ?, ?, ?, ?, default)
2026-07-08T16:02:08.460+09:00 DEBUG 18484 --- [kiosk-sim] [.0-18080-exec-8] org.hibernate.SQL                        : 
    select
        oi1_0.id,
        oi1_0.container_type,
        oi1_0.dry_ice_minutes,
        oi1_0.line_total,
        oi1_0.order_id,
        oi1_0.product_id,
        oi1_0.product_name_snapshot,
        oi1_0.quantity,
        oi1_0.spoon_count,
        oi1_0.unit_price 
    from
        order_items oi1_0 
    where
        oi1_0.order_id=?
Hibernate: 
    select
        oi1_0.id,
        oi1_0.container_type,
        oi1_0.dry_ice_minutes,
        oi1_0.line_total,
        oi1_0.order_id,
        oi1_0.product_id,
        oi1_0.product_name_snapshot,
        oi1_0.quantity,
        oi1_0.spoon_count,
        oi1_0.unit_price 
    from
        order_items oi1_0 
    where
        oi1_0.order_id=?
2026-07-08T16:02:08.461+09:00 DEBUG 18484 --- [kiosk-sim] [.0-18080-exec-8] org.hibernate.SQL                        : 
    select
        oif1_0.id,
        oif1_0.flavor_id,
        oif1_0.flavor_name_snapshot,
        oif1_0.order_item_id,
        oif1_0.quantity,
        oif1_0.select_order 
    from
        order_item_flavors oif1_0 
    where
        oif1_0.order_item_id=?
Hibernate: 
    select
        oif1_0.id,
        oif1_0.flavor_id,
        oif1_0.flavor_name_snapshot,
        oif1_0.order_item_id,
        oif1_0.quantity,
        oif1_0.select_order 
    from
        order_item_flavors oif1_0 
    where
        oif1_0.order_item_id=?
2026-07-08T16:02:08.464+09:00 DEBUG 18484 --- [kiosk-sim] [.0-18080-exec-8] org.hibernate.SQL                        : 
    select
        oif1_0.id,
        oif1_0.flavor_id,
        oif1_0.flavor_name_snapshot,
        oif1_0.order_item_id,
        oif1_0.quantity,
        oif1_0.select_order 
    from
        order_item_flavors oif1_0 
    where
        oif1_0.order_item_id=?
Hibernate: 
    select
        oif1_0.id,
        oif1_0.flavor_id,
        oif1_0.flavor_name_snapshot,
        oif1_0.order_item_id,
        oif1_0.quantity,
        oif1_0.select_order 
    from
        order_item_flavors oif1_0 
    where
        oif1_0.order_item_id=?
2026-07-08T16:02:08.466+09:00 DEBUG 18484 --- [kiosk-sim] [.0-18080-exec-8] org.hibernate.SQL                        : 
    select
        p1_0.id,
        p1_0.order_id,
        p1_0.paid_amount,
        p1_0.paid_at,
        p1_0.payment_method,
        p1_0.qr_expires_at,
        p1_0.qr_token,
        p1_0.status 
    from
        payments p1_0 
    where
        p1_0.order_id=?
Hibernate: 
    select
        p1_0.id,
        p1_0.order_id,
        p1_0.paid_amount,
        p1_0.paid_at,
        p1_0.payment_method,
        p1_0.qr_expires_at,
        p1_0.qr_token,
        p1_0.status 
    from
        payments p1_0 
    where
        p1_0.order_id=?
2026-07-08T16:02:08.468+09:00 DEBUG 18484 --- [kiosk-sim] [.0-18080-exec-8] m.m.a.RequestResponseBodyMethodProcessor : Using 'application/json', given [*/*] and supported [application/json, application/*+json]
2026-07-08T16:02:08.468+09:00 DEBUG 18484 --- [kiosk-sim] [.0-18080-exec-8] m.m.a.RequestResponseBodyMethodProcessor : Writing [OrderResponse[id=2, orderNo=ORD-2026-07-08-067F118D, waitingNo=101, orderType=TAKEOUT, status=PAID,  (truncated)...]
2026-07-08T16:02:08.468+09:00 DEBUG 18484 --- [kiosk-sim] [.0-18080-exec-8] o.s.web.servlet.DispatcherServlet        : Completed 200 OK
2026-07-08T16:02:08.472+09:00 DEBUG 18484 --- [kiosk-sim] [.0-18080-exec-9] o.s.web.servlet.DispatcherServlet        : GET "/api/orders/tables", parameters={}
2026-07-08T16:02:08.472+09:00 DEBUG 18484 --- [kiosk-sim] [.0-18080-exec-9] s.w.s.m.m.a.RequestMappingHandlerMapping : Mapped to com.example.kiosksim.controller.OrderController#tables()
2026-07-08T16:02:08.474+09:00 DEBUG 18484 --- [kiosk-sim] [.0-18080-exec-9] org.hibernate.SQL                        : 
    select
        ko1_0.id,
        ko1_0.branch_id,
        ko1_0.discount_amount,
        ko1_0.final_amount,
        ko1_0.kiosk_id,
        ko1_0.order_no,
        ko1_0.order_type,
        ko1_0.ordered_at,
        ko1_0.original_amount,
        ko1_0.status,
        ko1_0.used_point,
        ko1_0.waiting_no 
    from
        orders ko1_0
Hibernate: 
    select
        ko1_0.id,
        ko1_0.branch_id,
        ko1_0.discount_amount,
        ko1_0.final_amount,
        ko1_0.kiosk_id,
        ko1_0.order_no,
        ko1_0.order_type,
        ko1_0.ordered_at,
        ko1_0.original_amount,
        ko1_0.status,
        ko1_0.used_point,
        ko1_0.waiting_no 
    from
        orders ko1_0
2026-07-08T16:02:08.477+09:00 DEBUG 18484 --- [kiosk-sim] [.0-18080-exec-9] org.hibernate.SQL                        : 
    select
        oi1_0.id,
        oi1_0.container_type,
        oi1_0.dry_ice_minutes,
        oi1_0.line_total,
        oi1_0.order_id,
        oi1_0.product_id,
        oi1_0.product_name_snapshot,
        oi1_0.quantity,
        oi1_0.spoon_count,
        oi1_0.unit_price 
    from
        order_items oi1_0 
    where
        oi1_0.order_id=?
Hibernate: 
    select
        oi1_0.id,
        oi1_0.container_type,
        oi1_0.dry_ice_minutes,
        oi1_0.line_total,
        oi1_0.order_id,
        oi1_0.product_id,
        oi1_0.product_name_snapshot,
        oi1_0.quantity,
        oi1_0.spoon_count,
        oi1_0.unit_price 
    from
        order_items oi1_0 
    where
        oi1_0.order_id=?
2026-07-08T16:02:08.479+09:00 DEBUG 18484 --- [kiosk-sim] [.0-18080-exec-9] org.hibernate.SQL                        : 
    select
        oif1_0.id,
        oif1_0.flavor_id,
        oif1_0.flavor_name_snapshot,
        oif1_0.order_item_id,
        oif1_0.quantity,
        oif1_0.select_order 
    from
        order_item_flavors oif1_0 
    where
        oif1_0.order_item_id=?
Hibernate: 
    select
        oif1_0.id,
        oif1_0.flavor_id,
        oif1_0.flavor_name_snapshot,
        oif1_0.order_item_id,
        oif1_0.quantity,
        oif1_0.select_order 
    from
        order_item_flavors oif1_0 
    where
        oif1_0.order_item_id=?
2026-07-08T16:02:08.480+09:00 DEBUG 18484 --- [kiosk-sim] [.0-18080-exec-9] org.hibernate.SQL                        : 
    select
        oif1_0.id,
        oif1_0.flavor_id,
        oif1_0.flavor_name_snapshot,
        oif1_0.order_item_id,
        oif1_0.quantity,
        oif1_0.select_order 
    from
        order_item_flavors oif1_0 
    where
        oif1_0.order_item_id=?
Hibernate: 
    select
        oif1_0.id,
        oif1_0.flavor_id,
        oif1_0.flavor_name_snapshot,
        oif1_0.order_item_id,
        oif1_0.quantity,
        oif1_0.select_order 
    from
        order_item_flavors oif1_0 
    where
        oif1_0.order_item_id=?
2026-07-08T16:02:08.482+09:00 DEBUG 18484 --- [kiosk-sim] [.0-18080-exec-9] org.hibernate.SQL                        : 
    select
        p1_0.id,
        p1_0.order_id,
        p1_0.paid_amount,
        p1_0.paid_at,
        p1_0.payment_method,
        p1_0.qr_expires_at,
        p1_0.qr_token,
        p1_0.status 
    from
        payments p1_0 
    where
        p1_0.order_id=?
Hibernate: 
    select
        p1_0.id,
        p1_0.order_id,
        p1_0.paid_amount,
        p1_0.paid_at,
        p1_0.payment_method,
        p1_0.qr_expires_at,
        p1_0.qr_token,
        p1_0.status 
    from
        payments p1_0 
    where
        p1_0.order_id=?
2026-07-08T16:02:08.483+09:00 DEBUG 18484 --- [kiosk-sim] [.0-18080-exec-9] org.hibernate.SQL                        : 
    select
        oi1_0.id,
        oi1_0.container_type,
        oi1_0.dry_ice_minutes,
        oi1_0.line_total,
        oi1_0.order_id,
        oi1_0.product_id,
        oi1_0.product_name_snapshot,
        oi1_0.quantity,
        oi1_0.spoon_count,
        oi1_0.unit_price 
    from
        order_items oi1_0 
    where
        oi1_0.order_id=?
Hibernate: 
    select
        oi1_0.id,
        oi1_0.container_type,
        oi1_0.dry_ice_minutes,
        oi1_0.line_total,
        oi1_0.order_id,
        oi1_0.product_id,
        oi1_0.product_name_snapshot,
        oi1_0.quantity,
        oi1_0.spoon_count,
        oi1_0.unit_price 
    from
        order_items oi1_0 
    where
        oi1_0.order_id=?
2026-07-08T16:02:08.484+09:00 DEBUG 18484 --- [kiosk-sim] [.0-18080-exec-9] org.hibernate.SQL                        : 
    select
        oif1_0.id,
        oif1_0.flavor_id,
        oif1_0.flavor_name_snapshot,
        oif1_0.order_item_id,
        oif1_0.quantity,
        oif1_0.select_order 
    from
        order_item_flavors oif1_0 
    where
        oif1_0.order_item_id=?
Hibernate: 
    select
        oif1_0.id,
        oif1_0.flavor_id,
        oif1_0.flavor_name_snapshot,
        oif1_0.order_item_id,
        oif1_0.quantity,
        oif1_0.select_order 
    from
        order_item_flavors oif1_0 
    where
        oif1_0.order_item_id=?
2026-07-08T16:02:08.485+09:00 DEBUG 18484 --- [kiosk-sim] [.0-18080-exec-9] org.hibernate.SQL                        : 
    select
        oif1_0.id,
        oif1_0.flavor_id,
        oif1_0.flavor_name_snapshot,
        oif1_0.order_item_id,
        oif1_0.quantity,
        oif1_0.select_order 
    from
        order_item_flavors oif1_0 
    where
        oif1_0.order_item_id=?
Hibernate: 
    select
        oif1_0.id,
        oif1_0.flavor_id,
        oif1_0.flavor_name_snapshot,
        oif1_0.order_item_id,
        oif1_0.quantity,
        oif1_0.select_order 
    from
        order_item_flavors oif1_0 
    where
        oif1_0.order_item_id=?
2026-07-08T16:02:08.486+09:00 DEBUG 18484 --- [kiosk-sim] [.0-18080-exec-9] org.hibernate.SQL                        : 
    select
        p1_0.id,
        p1_0.order_id,
        p1_0.paid_amount,
        p1_0.paid_at,
        p1_0.payment_method,
        p1_0.qr_expires_at,
        p1_0.qr_token,
        p1_0.status 
    from
        payments p1_0 
    where
        p1_0.order_id=?
Hibernate: 
    select
        p1_0.id,
        p1_0.order_id,
        p1_0.paid_amount,
        p1_0.paid_at,
        p1_0.payment_method,
        p1_0.qr_expires_at,
        p1_0.qr_token,
        p1_0.status 
    from
        payments p1_0 
    where
        p1_0.order_id=?
2026-07-08T16:02:08.486+09:00 DEBUG 18484 --- [kiosk-sim] [.0-18080-exec-9] org.hibernate.SQL                        : 
    select
        count(*) 
    from
        orders ko1_0
Hibernate: 
    select
        count(*) 
    from
        orders ko1_0
2026-07-08T16:02:08.488+09:00 DEBUG 18484 --- [kiosk-sim] [.0-18080-exec-9] org.hibernate.SQL                        : 
    select
        count(*) 
    from
        order_items oi1_0
Hibernate: 
    select
        count(*) 
    from
        order_items oi1_0
2026-07-08T16:02:08.488+09:00 DEBUG 18484 --- [kiosk-sim] [.0-18080-exec-9] org.hibernate.SQL                        : 
    select
        count(*) 
    from
        order_item_flavors oif1_0
Hibernate: 
    select
        count(*) 
    from
        order_item_flavors oif1_0
2026-07-08T16:02:08.489+09:00 DEBUG 18484 --- [kiosk-sim] [.0-18080-exec-9] org.hibernate.SQL                        : 
    select
        count(*) 
    from
        payments p1_0
Hibernate: 
    select
        count(*) 
    from
        payments p1_0
2026-07-08T16:02:08.489+09:00 DEBUG 18484 --- [kiosk-sim] [.0-18080-exec-9] m.m.a.RequestResponseBodyMethodProcessor : Using 'application/json', given [*/*] and supported [application/json, application/*+json]
2026-07-08T16:02:08.490+09:00 DEBUG 18484 --- [kiosk-sim] [.0-18080-exec-9] m.m.a.RequestResponseBodyMethodProcessor : Writing [TableSnapshotResponse[orders=[OrderResponse[id=2, orderNo=ORD-2026-07-08-067F118D, waitingNo=101, or (truncated)...]
2026-07-08T16:02:08.490+09:00 DEBUG 18484 --- [kiosk-sim] [.0-18080-exec-9] o.s.web.servlet.DispatcherServlet        : Completed 200 OK
